nationality,overall_pick
SK,1
SK,2
US,3
CA,4
SE,5
CZ,6
CA,7
AT,8
CA,9
RU,10
CA,11
CA,12
US,13
US,14
SE,15
SE,16
FI,17
CH,18
SE,19
RU,20
CA,21
CA,22
US,23
RU,24
US,25
SK,26
SE,27
CZ,28
CA,29
FI,30
US,31
CA,32
CA,33
US,34
CA,35
RU,36
US,37
CA,38
CA,39
CA,40
FI,41
CA,42
DE,43
CA,44
SE,45
US,46
CA,47
CZ,48
FI,49
CA,50
US,51
RU,52
CA,53
CA,54
SE,55
CA,56
CA,57
FI,58
FI,59
RU,60
CA,61
US,62
SK,63
SE,64
SE,65
US,66
FI,67
CA,68
US,69
RU,70
RU,71
SE,72
FI,73
RU,74
AT,75
US,76
RU,77
US,78
CA,79
SE,80
CA,81
CA,82
CA,83
FI,84
SE,85
CA,86
CZ,87
CA,88
CA,89
US,90
US,91
SE,92
CZ,93
CA,94
CA,95
CA,96
CA,97
CA,98
US,99
CA,100
SE,101
CA,102
US,103
CA,104
SE,105
CA,106
CA,107
CA,108
RU,109
RU,110
US,111
CA,112
CA,113
CA,114
CA,115
CA,116
US,117
RU,118
LV,119
RU,120
US,121
SE,122
CA,123
US,124
SE,125
US,126
CA,127
CA,128
SE,129
CA,130
CA,131
CA,132
US,133
RU,134
RU,135
CA,136
CA,137
RU,138
CA,139
CA,140
CZ,141
CA,142
US,143
CA,144
CA,145
CA,146
RU,147
FI,148
CA,149
DE,150
SE,151
CA,152
US,153
US,154
CA,155
RU,156
LV,157
SE,158
US,159
US,160
RU,161
CA,162
PL,163
US,164
US,165
CA,166
CA,167
SE,168
US,169
US,170
CZ,171
US,172
US,173
CA,174
SE,175
US,176
CA,177
RU,178
US,179
CA,180
CA,181
US,182
CA,183
CA,184
SK,185
CA,186
SE,187
SE,188
US,189
RU,190
US,191
US,192
US,193
FI,194
CA,195
CA,196
FI,197
RU,198
FI,199
CA,200
CA,201
SE,202
US,203
SK,204
RU,205
CA,206
CA,207
RU,208
CA,209
US,210
SE,211
US,212
CA,213
CA,214
CA,215
CA,216
US,217
CA,218
US,219
CH,220
US,221
FI,222
CA,223
LV,224
BY,225
CA,1
US,2
CH,3
US,4
CA,5
SE,6
SE,7
CA,8
CA,9
US,10
US,12
US,13
SE,14
CA,15
CA,16
CA,17
US,18
RU,19
SE,20
SE,21
CA,22
CA,23
US,24
CA,25
CA,26
CA,27
SE,28
US,29
CA,30
CA,31
CA,32
RU,33
CA,34
CA,35
US,36
US,37
RU,38
CA,39
US,40
BY,41
CA,42
RU,43
FI,44
SE,45
FI,46
CA,47
RU,48
CA,49
RU,50
FI,51
FI,52
RU,53
US,54
CA,55
CA,56
US,57
US,58
US,59
CH,60
US,61
CA,62
CA,63
SE,64
CA,65
US,66
CA,67
FI,68
CZ,69
US,70
SE,71
SE,72
CA,73
SE,74
CA,75
CA,76
CA,77
BY,78
CA,79
US,80
CA,81
BY,82
CZ,83
RU,84
CA,85
CA,86
RU,87
RU,88
CA,89
DE,90
GB,91
KZ,92
CA,93
US,94
CA,95
US,96
CA,97
US,98
FI,99
CZ,100
CA,101
CZ,102
CA,103
US,104
CA,105
FI,106
NO,107
SE,108
US,109
CH,110
CA,111
CA,112
CA,113
US,114
US,115
CA,116
SE,117
CA,118
CA,119
RU,120
CA,121
FI,122
CA,123
CA,124
US,125
US,126
CA,127
SK,128
FI,129
CA,130
CA,131
RU,132
CA,133
SE,134
RU,135
CA,136
FI,137
CA,138
US,139
SE,140
CA,141
RU,142
CA,143
CZ,144
CA,145
RU,146
US,147
CA,148
SE,149
CA,150
DE,151
RU,152
US,153
CA,154
CA,155
CA,156
FI,157
US,158
FI,159
CA,160
SE,161
US,162
RU,163
SE,164
CA,165
CA,166
DE,167
CA,168
SE,169
US,170
US,171
RU,172
CA,173
CA,174
CA,175
CA,176
SE,177
CA,178
CH,179
RU,180
US,181
US,182
US,183
CZ,184
RU,185
US,186
DE,187
RU,188
FI,189
UA,190
CA,191
US,192
CA,193
CA,194
US,195
RU,196
CZ,197
RU,198
RU,199
RU,200
SE,201
CA,202
RU,203
US,204
RU,205
US,206
SE,207
US,208
RU,209
US,210
US,211
CA,212
US,213
CA,214
US,215
CA,216
US,217
RU,218
SE,219
CA,220
CZ,221
SE,222
US,223
FI,224
CA,1
CA,2
DE,3
SE,4
US,5
CA,6
SE,7
CA,8
AT,9
CA,10
RU,11
FI,12
CA,13
CA,14
RU,15
CA,16
DE,17
CA,18
CA,19
RU,20
RU,21
CA,22
CA,23
CA,24
CA,25
CA,26
CA,27
CA,28
US,29
CA,30
CA,31
SE,32
FI,33
DE,34
SE,35
US,36
RU,37
US,38
CA,39
SE,40
SE,41
CA,42
SE,43
US,44
US,45
US,46
US,47
CZ,48
RU,50
SE,51
FI,52
RU,53
SE,54
US,55
GB,56
US,57
US,58
FI,59
CA,60
RU,61
CA,62
CA,63
FI,64
CA,65
FI,66
US,67
CA,68
RU,69
FI,70
FI,71
CA,72
CA,73
US,74
CA,75
RU,76
SE,77
SK,78
US,79
US,80
US,81
FI,82
US,83
DE,84
RU,85
US,86
CA,87
SE,88
US,89
SE,90
US,91
SE,92
CA,93
CA,94
CA,95
RU,96
US,97
CA,98
CZ,99
CA,100
SE,101
US,102
CA,103
AT,104
CA,105
RU,106
CZ,107
US,108
US,109
CZ,110
US,111
CA,112
US,113
FI,114
SE,115
US,116
RU,117
CA,118
US,119
CA,120
US,121
CA,122
US,123
US,124
SE,125
US,126
CA,127
SK,128
RU,129
RU,130
CA,131
CA,132
SE,133
US,134
CA,135
CZ,136
RU,137
RU,138
US,139
US,140
CA,141
US,142
CA,143
US,144
NO,145
CZ,146
CA,147
US,148
LV,149
US,150
US,151
CA,152
FI,153
SE,154
SE,155
CA,156
US,157
CA,158
CA,159
SE,160
AT,161
BY,162
CA,163
CA,164
CA,165
CA,166
SE,167
FI,168
SE,169
US,170
RU,171
CA,172
SE,173
CA,174
RU,175
SE,176
FI,177
CA,178
CA,179
US,180
CA,181
US,182
FI,183
US,184
CA,185
RU,186
US,187
CA,188
US,189
FI,190
SE,191
SE,192
SE,193
CA,194
US,195
CA,196
SE,197
SE,198
RU,199
SE,200
CZ,201
US,202
US,203
CA,204
BY,205
SE,206
CA,207
CA,208
US,209
RU,210
SE,211
CA,212
CA,213
FI,214
RU,215
CZ,216
US,217
US,1
FI,2
CA,3
CA,4
US,5
DE,6
CA,7
SE,8
US,9
RU,10
SE,11
US,12
US,13
US,14
US,15
CA,16
CA,17
US,18
FI,19
FI,20
CA,21
SE,22
SE,23
CA,24
CA,25
CA,26
US,27
CA,28
CA,29
US,30
US,31
US,32
UZ,33
US,34
FI,35
RU,36
DK,37
CA,38
US,39
SE,40
CA,41
RU,42
US,43
CA,44
RU,45
US,46
US,47
RU,48
CA,49
SE,50
SE,51
BY,52
US,53
US,54
CA,55
CA,56
CA,57
SE,58
CA,59
SE,60
RU,61
DE,62
CA,63
SE,64
CA,65
SE,66
SE,67
US,68
CZ,69
BY,70
SE,71
US,72
FI,73
CA,74
CA,75
US,76
CA,77
CA,78
RU,79
US,80
CA,81
CA,82
FI,83
FI,84
RU,85
CA,86
CZ,87
RU,88
SK,89
US,90
BY,91
CA,92
CA,93
SE,94
AU,95
US,96
CA,97
FI,98
US,99
CZ,100
US,101
US,102
CA,103
SE,104
CZ,105
CA,106
RU,107
RU,108
US,109
US,110
SE,111
US,112
FI,113
RU,114
RU,115
SE,116
RU,117
US,118
FI,119
CA,120
FI,121
CA,122
FI,123
US,124
US,125
CA,126
CA,127
US,128
RU,129
FI,130
US,131
US,132
CA,133
GB,134
US,135
CA,136
US,137
DK,138
FI,139
CA,140
CA,141
CA,142
SE,143
US,144
US,145
US,146
CA,147
US,148
RU,149
US,150
FI,151
RU,152
CZ,153
RU,154
CA,155
LV,156
US,157
US,158
SE,159
CZ,160
SE,161
CZ,162
US,163
RU,164
RU,165
US,166
US,167
CA,168
CA,169
RU,170
CA,171
US,172
US,173
RU,174
CZ,175
CA,176
SE,177
CA,178
SE,179
US,180
US,181
CA,182
CA,183
FI,184
FI,185
CA,186
CA,187
SE,188
SE,189
RU,190
CA,191
US,192
RU,193
CA,194
US,195
US,196
FI,197
RU,198
CA,199
SE,200
CA,201
CA,202
FI,203
FI,204
CA,205
CA,206
CH,207
RU,208
US,209
FI,210
FI,211
CA,212
US,213
US,214
SE,215
CA,216
CA,217
SE,1
RU,2
FI,3
US,4
CA,5
CZ,6
US,7
SE,8
RU,9
CA,10
US,11
CA,12
CA,13
US,14
RU,15
CZ,16
CA,17
CA,18
US,19
FI,20
CA,21
US,22
SE,23
SE,24
DE,25
CA,26
CA,27
SE,28
SE,29
CA,30
RU,31
US,32
SE,33
CA,34
US,35
CA,36
CA,37
RU,38
SE,39
CA,40
CA,41
US,42
RU,43
SE,44
US,45
SK,46
US,47
CA,48
RU,49
SE,50
CA,51
CA,52
CA,53
CA,54
CA,55
SE,56
SE,57
SE,58
CA,59
SE,60
RU,61
CA,62
CA,63
FI,64
CZ,65
CA,66
US,67
US,68
US,69
US,70
US,71
CZ,72
US,73
FI,74
SE,75
RU,76
CZ,77
FI,78
US,79
SE,80
CA,81
RU,82
CA,83
SE,84
CZ,85
RU,86
SE,87
US,88
US,89
RU,90
US,91
CA,92
CA,93
CZ,94
CA,95
CA,96
CA,97
US,98
US,99
CA,100
CH,101
US,102
US,103
FI,104
SK,105
CA,106
CA,107
US,108
US,109
CA,110
DE,111
US,112
CA,113
RU,114
US,115
US,116
SE,117
CA,118
US,119
CH,120
US,121
SK,122
US,123
US,124
FI,125
CA,126
US,127
CA,128
CA,129
FI,130
US,131
FI,132
CA,133
US,134
US,135
CH,136
CA,137
US,138
FI,139
CA,140
BY,141
US,142
SE,143
SK,144
CA,145
RU,146
SK,147
SE,148
CZ,149
CA,150
BY,151
SE,152
CA,153
CA,154
CA,155
SE,156
CA,157
CA,158
CH,159
SE,160
TH,161
DE,162
US,163
US,164
SE,165
SE,166
NO,167
CA,168
CA,169
DE,170
US,171
CA,172
FI,173
US,174
CA,175
CA,176
US,177
CA,178
CA,179
CA,180
CA,181
US,182
US,183
US,184
CA,185
RU,186
SE,187
CA,188
GB,189
CA,190
FI,191
CA,192
US,193
US,194
FI,195
US,196
US,197
RU,198
JM,199
CA,200
US,201
RU,202
FI,203
CA,204
SE,205
CZ,206
FI,207
CA,208
CA,209
US,210
RU,211
RU,212
CZ,213
CA,214
CA,215
US,216
CA,217
CH,1
CA,2
FI,3
CA,4
SE,5
CA,6
SE,7
US,8
CA,9
CA,10
CA,11
CZ,12
CA,13
US,14
SE,15
FI,16
SE,17
FI,18
US,19
CA,20
CZ,21
US,22
CA,23
FI,24
US,25
US,26
CA,27
CA,28
FI,29
FI,30
RU,31
CA,32
CA,33
CA,34
CA,35
SE,36
SE,37
SE,38
US,39
FI,40
CA,41
FI,42
US,43
SE,44
FR,45
FI,46
CA,47
RU,48
CA,49
CA,50
CA,51
US,52
CA,53
FI,54
CA,55
CA,56
CA,57
FI,58
FI,59
CA,60
US,61
US,62
SE,63
CA,64
DK,65
US,66
CA,67
CA,68
CA,69
RU,70
FI,71
CA,72
CA,73
CA,74
CA,75
RU,76
US,77
CA,78
CA,79
BY,80
US,81
CA,82
CA,83
RU,84
US,85
RU,86
CA,87
US,88
FI,89
US,90
US,91
US,92
US,93
CA,94
US,95
RU,96
CA,97
RU,98
CA,99
DK,100
CA,101
US,102
US,103
FI,104
FI,105
CA,106
BY,107
CA,108
SK,109
CA,110
US,111
SE,112
RU,113
CZ,114
CZ,115
CA,116
SE,117
CA,118
FI,119
CH,120
US,121
CA,122
US,123
RU,124
RU,125
US,126
SE,127
CA,128
CH,129
CA,130
CA,131
SE,132
US,133
US,134
SE,135
DE,136
US,137
US,138
SE,139
CA,140
RU,141
US,142
SK,143
CA,144
SE,145
RU,146
CA,147
CA,148
CA,149
CZ,150
SE,151
SI,152
SE,153
CZ,154
SE,155
RU,156
CZ,157
CA,158
US,159
FI,160
CZ,161
US,162
CA,163
CA,164
CA,165
CA,166
SE,167
SE,168
US,169
SE,170
CA,171
CA,172
CA,173
CA,174
CA,175
RU,176
US,177
RU,178
US,179
US,180
FI,181
US,182
CA,183
FI,184
US,185
FI,186
US,187
CA,188
CA,189
SE,190
CA,191
SE,192
CA,193
CA,194
SE,195
CA,196
FI,197
CA,198
US,199
US,200
US,201
SE,202
CA,203
CZ,204
RU,205
SE,206
FI,207
US,208
US,209
US,210
US,211
RU,212
NO,213
US,214
US,215
CA,216
CA,217
US,1
FI,2
CA,3
SE,4
FI,5
US,6
US,7
CA,8
RU,9
CA,10
US,11
CA,12
CA,13
US,14
US,15
US,16
CA,17
CA,18
US,19
CA,20
CA,21
RU,22
FI,23
US,24
US,25
US,26
CA,27
CA,28
US,29
CA,30
RU,31
CA,32
SE,33
US,34
CA,35
CA,36
CZ,37
CA,38
US,39
CA,40
CA,41
SE,42
FI,43
CA,44
US,45
CA,46
CA,47
CA,48
US,49
RU,50
CA,51
CA,52
CZ,53
US,54
SE,55
CA,56
SE,57
CA,58
CA,59
US,60
FI,61
US,62
FI,63
US,64
RU,65
US,66
US,67
US,68
CA,69
CA,70
CA,71
US,72
US,73
CA,74
CA,75
CA,76
CA,77
CA,78
CA,79
CA,80
BE,81
CA,82
BE,83
CA,84
CA,85
US,86
CA,87
CA,88
SE,89
SE,90
SE,91
CA,92
US,93
CA,94
RU,95
SE,96
SE,97
FI,98
CA,99
CA,100
CA,101
RU,102
US,103
US,104
CA,105
US,106
SE,107
SE,108
CA,109
SE,110
CA,111
SE,112
CA,113
CA,114
CA,115
CA,116
CH,117
US,118
CA,119
FI,120
US,121
RU,122
CA,123
US,124
CA,125
US,126
CA,127
CA,128
SE,129
CZ,130
SE,131
RU,132
CA,133
CA,134
FI,135
US,136
CA,137
US,138
SE,139
CA,140
US,141
US,142
DK,143
CA,144
CA,145
CA,146
SE,147
CA,148
US,149
DE,150
FI,151
US,152
FI,153
CA,154
US,155
FI,156
RU,157
CA,158
CA,159
CA,160
US,161
SE,162
FI,163
CA,164
SE,165
CA,166
SE,167
RU,168
US,169
US,170
CA,171
CA,172
US,173
CA,174
RU,175
SE,176
US,177
RU,178
CA,179
CA,180
US,181
RU,182
CA,183
LV,184
CH,185
BY,186
SE,187
CA,188
US,189
RU,190
CA,191
CA,192
US,193
CA,194
US,195
RU,196
SE,197
CA,198
SE,199
CA,200
CA,201
CA,202
US,203
CA,204
CA,205
FI,206
RU,207
US,208
DK,209
DK,210
CZ,211
CA,1
US,2
CA,3
CA,4
US,5
CZ,6
RU,7
US,8
CH,9
FI,10
CA,11
RU,12
CZ,13
CA,14
CA,15
CA,16
US,17
CA,18
RU,19
SE,20
US,21
RU,22
US,23
CA,24
US,25
CA,26
SE,27
CA,28
SE,29
CA,30
CA,31
US,32
CA,33
CA,34
FI,35
CA,36
US,37
US,38
CA,39
CA,40
CA,41
CA,42
SK,43
CA,44
SE,45
NL,46
US,47
CZ,48
FI,49
US,50
CA,51
CA,52
SE,53
CA,54
RU,55
CA,56
CH,57
SE,58
FI,59
SE,60
US,61
SE,62
CA,63
US,64
CA,65
CA,66
CA,67
LV,68
CA,69
SE,70
CA,71
CA,72
FI,73
RU,74
CZ,75
CA,76
CA,77
US,78
RU,79
US,80
US,81
CA,82
SE,83
CA,84
US,85
US,86
SE,87
CA,88
FI,89
SK,90
US,91
US,92
CA,93
CA,94
SE,95
CA,96
CA,97
CA,98
CA,99
CA,100
RU,101
CH,102
US,103
RU,104
CA,105
CA,106
CA,107
CZ,108
SE,109
CH,110
CZ,111
CA,112
CA,113
RU,114
CA,115
CA,116
US,117
FI,118
SE,119
CA,120
US,121
CA,122
US,123
CA,124
UA,125
US,126
FI,127
CZ,128
CA,129
LV,130
CA,131
US,132
US,133
CA,134
RU,135
BY,136
CZ,137
CA,138
SK,139
CA,140
FI,141
LV,142
CA,143
CA,144
CZ,145
US,146
CA,147
US,148
US,149
US,150
SK,151
CA,152
US,153
US,154
CA,155
CA,156
CA,157
US,158
RU,159
US,160
RU,161
US,162
FI,163
US,164
CA,165
CA,166
DE,167
US,168
US,169
US,170
US,171
CN,172
CA,173
CZ,174
US,175
US,176
CA,177
US,178
US,179
CA,180
FI,181
US,182
SE,183
SK,184
RU,185
CA,186
CA,187
RU,188
FI,189
CA,190
SE,191
US,192
US,193
CA,194
US,195
CA,196
RU,197
FI,198
US,199
US,200
SE,201
SE,202
CA,203
US,204
US,205
US,206
CA,207
CZ,208
RU,209
CA,210
SE,211
CA,1
CA,2
DE,3
CA,4
CA,5
CA,6
CA,7
CA,8
DK,9
CA,10
CH,11
GB,12
CZ,13
FI,14
US,15
US,16
CA,17
US,18
US,19
US,20
CA,21
FI,22
CA,23
CA,24
CZ,25
RU,26
RU,27
CA,28
SE,29
CA,30
US,31
CA,32
RU,33
CA,34
CZ,35
US,36
US,37
SE,38
CZ,39
SE,40
US,41
RU,42
US,43
CA,44
CA,45
SE,46
US,47
CA,48
CZ,49
CA,50
US,51
RU,52
CH,53
CA,54
CA,55
US,56
US,57
US,58
US,59
FI,60
SE,61
CA,62
CA,63
CA,64
FI,65
RU,66
CA,67
RU,68
US,69
US,70
US,71
US,72
CA,73
CA,74
CA,75
LV,76
US,77
RU,78
CA,79
US,80
CA,81
CA,82
US,83
CA,84
US,85
CA,86
SE,87
US,88
GB,89
CA,90
SE,91
US,92
US,93
FI,94
SE,95
US,96
SE,97
SE,98
US,99
US,100
CA,101
CA,102
US,103
US,104
CA,105
SE,106
CA,107
CA,108
FI,109
US,110
US,111
SE,112
US,113
CA,114
CA,115
CA,116
CA,117
RU,118
CA,119
US,120
US,121
CZ,122
US,123
CA,124
CA,125
SE,126
CA,127
US,128
US,129
US,130
CA,131
FI,132
CA,133
US,134
FI,135
US,136
US,137
SE,138
CA,139
CA,140
US,141
US,142
US,143
SE,144
US,145
US,146
US,147
SE,148
CA,149
CA,150
US,151
US,152
US,153
US,154
US,155
CA,156
CA,157
US,158
US,159
SE,160
CA,161
CA,162
SE,163
RU,164
SE,165
FI,166
CA,167
RU,168
CA,169
CA,170
US,171
US,172
CA,173
SK,174
SE,175
CA,176
US,177
CA,178
RU,179
CA,180
SE,181
SE,182
CA,183
CA,184
US,185
CA,186
CA,187
SE,188
CA,189
CA,190
US,191
US,192
LV,193
SE,194
CA,195
SE,196
CA,197
SE,198
CZ,199
US,200
RU,201
US,202
US,203
CA,204
CZ,205
SE,206
CA,207
US,208
CA,209
CA,210
CA,1
FI,2
CA,3
US,4
SE,5
CA,6
CA,7
FI,8
CA,9
RU,10
CA,11
CA,12
CA,13
SE,14
CA,15
RU,16
CA,17
CH,18
US,19
CA,20
CA,21
CA,22
AT,23
CA,24
US,25
CA,26
AT,27
CA,28
CA,29
US,30
US,31
CA,32
US,33
SE,34
US,35
CA,36
RU,37
US,38
CA,39
CA,40
SE,41
US,42
CA,43
CA,44
DK,45
SE,46
US,47
CA,48
CA,49
CA,50
SE,51
US,52
CA,53
CA,54
FI,55
CA,56
CA,57
CA,58
CA,59
SE,60
US,61
CA,62
CA,63
CA,64
CA,65
US,66
CA,67
SE,68
CA,69
US,70
CA,71
CA,72
CA,73
US,74
RU,75
US,76
US,77
SE,78
SE,79
CA,80
CA,81
CA,82
RU,83
US,84
US,85
CH,86
US,87
RU,88
DK,89
SK,90
CA,91
CA,92
CA,93
CA,94
CA,95
CA,96
US,97
CA,98
FI,99
US,100
CA,101
SE,102
CA,103
US,104
CA,105
US,106
CA,107
CA,108
CA,109
CA,110
SE,111
US,112
CA,113
CZ,114
CA,115
CZ,116
SE,117
US,118
US,119
US,120
US,121
CA,122
US,123
LV,124
FI,125
CA,126
US,127
CA,128
US,129
SE,130
CA,131
CA,132
US,133
US,134
CA,135
SE,136
CA,137
CA,138
CA,139
US,140
US,141
CH,142
US,143
US,144
SE,145
CZ,146
US,147
US,148
SK,149
US,150
US,151
CA,152
US,153
FI,154
SE,155
CA,156
US,157
CA,158
US,159
CA,160
US,161
US,162
US,163
CA,164
NO,165
CA,166
US,167
US,168
CA,169
CA,170
CA,171
CA,172
FI,173
US,174
CA,175
CA,176
FI,177
CA,178
CA,179
SE,180
US,181
FI,182
SE,183
FI,184
CA,185
CH,186
RU,187
CA,188
US,189
CA,190
CZ,191
US,192
CA,193
SE,194
CA,195
CA,196
CA,197
CA,198
SE,199
CA,200
US,201
SE,202
FI,203
CA,204
US,205
CA,206
RU,207
US,208
CA,209
CA,210
SE,211
RU,1
CA,2
US,3
CA,4
CA,5
SE,6
CA,7
CA,8
US,9
CA,10
SE,11
RU,12
CZ,13
LV,14
CA,15
CA,16
CZ,17
FI,18
RU,19
CA,20
CA,21
FI,22
CA,23
CA,24
US,25
CA,26
US,27
US,28
US,29
CA,30
SE,31
CA,32
SE,33
FI,34
CA,35
US,36
SE,37
CA,38
US,39
US,40
CA,41
US,42
SE,43
US,44
US,45
CA,46
CA,47
CA,48
CZ,49
CA,50
CA,51
LV,52
US,53
CA,54
CA,55
US,56
CA,57
CA,58
US,59
CA,60
CA,61
FI,62
CA,63
US,64
CA,65
US,66
US,67
US,68
CA,69
CA,70
CA,71
CA,72
CA,73
FI,74
US,75
CA,76
CA,77
US,78
US,79
CA,80
SE,81
CA,82
CA,83
CA,84
US,85
CA,86
DK,87
CA,88
CA,89
US,90
RU,91
CA,92
SE,93
US,94
CA,95
CA,96
CA,97
US,98
SE,99
US,100
CA,101
CA,102
CA,103
CA,104
CA,105
US,106
US,107
CA,108
CA,109
CA,110
SE,111
US,112
CA,113
RU,114
CA,115
CA,116
CA,117
FI,118
SE,119
US,120
RU,121
CA,122
CA,123
CA,124
US,125
US,126
US,127
SE,128
CA,129
US,130
CA,131
CA,132
US,133
CA,134
CA,135
US,136
US,137
DE,138
US,139
CA,140
CA,141
DK,142
CA,143
FI,144
GB,145
CA,146
CA,147
FI,148
CA,149
CA,150
CA,151
SE,152
US,153
SE,154
CA,155
CA,156
CA,157
CH,158
US,159
CA,160
CA,161
CA,162
SE,163
SE,164
CA,165
CA,166
US,167
US,168
US,169
CA,170
CZ,171
SE,172
RU,173
CA,174
CA,175
FI,176
CA,177
US,178
CZ,179
BY,180
US,181
CA,182
RU,183
CZ,184
US,185
US,186
CA,187
US,188
US,189
CA,190
CA,191
CA,192
CA,193
SE,194
SE,195
SE,196
CA,197
US,198
CA,199
SE,200
RU,201
RU,202
RU,203
US,204
US,205
CA,206
US,207
CA,208
SE,209
US,210
US,211
CA,1
SE,2
CA,3
SE,4
CA,5
SE,6
CA,7
US,8
CA,9
SE,10
CA,11
CA,12
CH,13
CA,14
US,15
FI,16
CA,17
CA,18
SE,19
US,20
US,21
US,22
CA,23
CA,24
CA,25
CA,26
RU,27
CA,28
DK,29
SE,30
CA,31
CA,32
US,33
US,34
SK,35
US,36
CA,37
SE,38
US,39
RU,40
RU,41
SE,42
US,43
CA,44
FI,45
CA,46
US,47
FR,48
FI,49
SE,50
US,51
FI,52
SE,53
CA,54
CA,55
CA,56
CA,57
RU,58
SE,59
US,60
US,61
FI,62
LT,63
US,64
CA,65
US,66
US,67
CA,68
,69
US,70
CZ,71
US,72
US,73
CA,74
US,75
CA,76
CA,77
CA,78
SE,79
CA,80
CA,81
US,82
US,83
CA,84
CA,85
CA,86
CA,87
CA,88
CA,89
CA,90
US,91
CA,92
SE,93
CA,94
US,95
CA,96
US,97
US,98
US,99
SE,100
US,101
CA,102
CH,103
US,104
SE,105
CA,106
US,107
CA,108
RU,109
US,110
CA,111
US,112
SE,113
DE,114
SK,115
US,116
NO,117
DE,118
CA,119
SE,120
US,121
SK,122
CA,123
RU,124
SE,125
SE,126
CA,127
US,128
US,129
US,130
US,131
SE,132
US,133
US,134
US,135
CA,136
US,137
CA,138
CA,139
US,140
CA,141
SE,142
SE,143
CZ,144
CA,145
SE,146
CA,147
RU,148
CA,149
CA,150
US,151
CA,152
CA,153
US,154
CA,155
CA,156
CA,157
CZ,158
CA,159
CA,160
US,161
CA,162
US,163
CA,164
CZ,165
UA,166
CA,167
CZ,168
CA,169
US,170
US,171
SK,172
CA,173
CA,174
CZ,175
CZ,176
US,177
US,178
CA,179
SE,180
NO,181
FI,182
US,183
FI,184
CA,185
CA,186
US,187
SE,188
US,189
US,190
CA,191
FI,192
CA,193
US,194
FI,195
US,196
US,197
US,198
US,199
SE,200
CA,201
CA,202
US,203
US,204
RU,205
CA,206
US,207
CZ,208
CA,209
SE,210
SE,211
CA,1
CA,2
CA,3
CA,4
CH,5
CA,6
CA,7
RU,8
FI,9
CA,10
US,11
CA,12
CA,13
CA,14
US,15
RU,16
CA,17
US,18
US,19
US,20
CA,21
US,22
CA,23
US,24
CA,25
RU,26
CA,27
US,28
US,29
US,30
US,31
US,32
CA,33
CA,34
SE,35
CA,36
US,37
US,38
CA,39
CA,40
SE,41
CA,42
CA,43
SE,44
CA,45
SK,46
CA,47
US,48
CA,49
US,50
SE,51
US,52
US,53
US,54
CZ,55
SE,56
SE,57
CA,58
US,59
US,60
CA,61
CA,62
US,63
CA,64
RU,65
CZ,66
CA,67
CA,68
CA,69
CA,70
CA,71
SK,72
CA,73
US,74
CA,75
CZ,76
CA,77
US,78
NO,79
US,80
CA,81
US,82
CA,83
CA,84
US,85
RU,86
CA,87
US,88
CA,89
SE,90
CA,91
CA,92
CA,93
US,94
CA,95
CA,96
CA,97
CA,98
FI,99
US,100
RU,101
CA,102
CA,103
FI,104
CA,105
SE,106
FI,107
US,108
CA,109
DE,110
FI,111
DE,112
CA,113
US,114
US,115
SE,116
CA,117
US,118
CA,119
CA,120
CA,121
US,122
CA,123
CA,124
US,125
SE,126
US,127
SE,128
CA,129
CA,130
SE,131
SE,132
CA,133
CA,134
US,135
CA,136
CA,137
CA,138
US,139
US,140
CZ,141
US,142
CA,143
CA,144
CZ,145
SE,146
CA,147
US,148
US,149
CA,150
DE,151
US,152
CA,153
CA,154
CA,155
CA,156
SE,157
RU,158
SE,159
US,160
SE,161
CA,162
DE,163
CA,164
US,165
CA,166
CA,167
US,168
SE,169
CA,170
CA,171
CA,172
CA,173
CA,174
FI,175
CA,176
US,177
CA,178
US,179
US,180
LV,181
CA,182
US,183
CA,184
CA,185
CA,186
DK,187
US,188
CA,189
CA,190
US,191
CA,192
CA,193
DE,194
RU,195
US,196
US,197
FI,198
CA,199
US,200
US,201
CA,202
US,203
CH,204
CA,205
SE,206
SE,207
CA,208
CA,209
US,210
CA,1
SE,2
CA,3
CA,4
CA,5
SE,6
CA,7
CA,8
CA,9
SE,10
CA,11
CA,12
CA,13
RU,14
CA,15
US,16
SE,17
CA,18
US,19
SE,20
US,21
US,22
US,23
SE,24
CA,25
US,26
CA,27
US,28
CA,29
CA,30
FI,31
CA,32
CA,33
SE,34
CA,35
US,36
US,37
CA,38
SE,39
SE,40
US,41
CA,42
US,43
US,44
US,45
SE,46
CA,47
CA,48
CA,49
US,50
US,51
SK,52
SE,53
CA,54
RU,55
US,56
CA,57
CA,58
CA,59
SK,60
SE,61
SE,62
US,63
CA,64
FI,65
CA,66
US,67
CA,68
CA,69
CA,70
US,71
CA,72
SE,73
CA,74
CZ,75
RU,76
CA,77
RU,78
US,79
US,80
CA,81
CA,82
CA,83
CA,84
CA,85
CA,86
SE,87
SE,88
US,89
CA,90
US,91
CA,92
CA,93
CA,94
CA,95
CA,96
CA,97
US,98
US,99
US,100
FI,101
SE,102
CA,103
US,104
CA,105
FI,106
CA,107
CA,108
RU,109
US,110
SE,111
US,112
CA,113
US,114
US,115
SE,116
CA,117
CA,119
CA,120
CA,121
RU,122
CA,123
CA,124
CA,125
US,126
CZ,127
US,128
CZ,129
CA,130
CA,131
CA,132
CA,133
US,134
CA,135
SK,136
GB,137
US,138
CA,139
CA,140
CA,141
CA,142
SE,143
CA,144
CA,145
US,146
CA,147
CA,148
SE,149
US,150
CA,151
US,152
CA,153
US,154
CA,155
CA,156
CA,157
US,158
CA,159
CA,160
CA,161
SK,162
FI,163
US,164
CA,165
CA,166
SE,167
US,168
CA,169
CA,170
FI,171
CA,172
US,173
CA,174
CA,175
CA,176
CA,177
FI,178
US,179
US,180
SE,181
FI,182
BY,183
US,184
CA,185
CA,186
CA,187
US,188
SK,189
US,190
US,191
CA,192
US,193
CA,194
US,195
DK,196
CA,197
US,198
US,199
RU,200
CA,201
US,202
US,203
CA,204
CA,205
CA,206
DE,207
FI,208
CA,209
SE,210
FI,211
CA,1
CA,2
US,3
CA,4
CA,5
RU,6
US,7
DK,8
CA,9
CA,10
CA,11
US,12
CA,13
CA,14
SE,15
CA,16
US,17
CA,18
IT,19
CA,20
SE,21
CA,22
CA,23
SE,24
CA,25
CA,26
US,27
LV,28
CA,29
US,30
SE,31
RU,32
US,33
CA,34
CA,35
CA,36
CA,37
CH,38
CA,39
US,40
CA,41
CA,42
CA,43
CA,44
CA,45
CA,46
FR,47
US,48
CA,49
CA,50
US,51
CA,52
CA,53
CA,54
CA,55
US,56
CA,57
RU,58
CA,59
US,60
CA,61
US,62
US,63
CA,64
FI,65
CA,66
CA,67
CA,68
CA,69
CA,70
CA,71
FI,72
RU,73
CA,74
RU,75
CA,76
CA,77
CA,78
CA,79
CA,80
US,81
CA,82
CA,83
CA,84
CA,85
US,86
CA,87
CA,88
NO,89
CZ,90
US,91
CA,92
CA,93
US,94
US,95
US,96
CA,97
BY,98
US,99
US,100
US,101
SE,102
SE,103
CA,104
CZ,105
FI,106
CA,107
US,108
SE,109
CA,110
CA,111
CA,112
US,113
CA,114
CA,115
CA,116
CA,117
US,118
CA,119
CA,120
SE,121
CA,122
RU,123
SE,124
SE,125
CA,126
CA,127
US,128
CA,129
DE,130
CA,131
CA,132
CA,133
CA,134
CZ,135
CA,136
CA,137
RU,138
CA,139
CA,140
CA,141
CA,142
SE,143
CA,144
FI,145
CA,146
CA,147
CA,148
DK,149
RU,150
CA,151
CA,152
CA,153
CA,154
CA,155
CA,156
US,157
CA,158
US,159
US,160
NO,161
SE,162
FI,163
CA,164
CA,165
US,166
CA,167
CA,168
US,169
NO,170
CA,171
US,172
CA,173
US,174
CA,175
CA,176
US,177
CA,178
CA,179
CA,180
CA,181
FI,182
US,183
US,184
CA,185
CA,186
CA,187
CA,188
CA,189
US,190
CA,191
US,192
CA,193
US,194
CA,195
SE,196
US,197
SE,198
SE,199
US,200
FI,201
CA,202
US,203
CA,204
CA,205
US,206
SE,207
US,208
CA,209
CA,210
SE,211
US,1
US,2
CA,3
CA,4
CA,5
CA,6
CZ,7
CA,8
CA,9
CA,10
US,11
US,12
DK,13
US,14
CA,15
CA,16
RU,17
US,18
CA,19
CA,20
CA,21
US,22
US,23
SE,24
US,25
CA,26
CA,27
US,28
US,29
CA,30
US,31
CA,32
CA,33
CA,34
US,35
SE,36
CA,37
US,38
SE,39
CZ,40
CA,41
US,42
CA,43
US,44
US,45
US,46
CA,47
CA,48
CA,49
US,50
CA,51
SE,52
US,53
US,54
CA,55
NG,56
US,57
CA,58
CA,59
RU,60
CA,61
CA,62
CA,63
RU,64
CA,65
CA,66
CA,67
US,68
CA,69
CA,70
RU,71
US,72
CH,73
CA,74
CH,75
CA,76
CA,77
CA,78
US,79
CA,80
US,81
CA,82
DE,83
US,84
CA,85
US,86
US,87
SE,88
US,89
CA,90
CA,91
US,92
US,93
RU,94
US,95
US,96
SE,97
DE,98
CA,99
US,100
US,101
CA,102
CZ,103
CA,104
CA,105
RU,106
CA,107
US,108
CA,109
CA,110
CA,111
CA,112
US,113
US,114
FI,115
CA,116
CA,117
CA,118
CA,119
US,120
SE,121
SE,122
RU,123
CA,124
CA,125
US,126
SK,127
US,128
CA,129
DE,130
US,131
CA,132
US,133
SK,134
US,135
CZ,136
US,137
CA,138
CA,139
CA,140
CA,141
US,142
CA,143
SE,144
CA,145
RU,146
CA,147
CA,148
CA,149
US,150
CA,151
CA,152
US,153
CA,154
SE,155
CA,156
SE,157
CA,158
CA,159
CA,160
US,161
CA,162
SE,163
CA,164
SE,165
US,166
SE,167
SE,168
CZ,169
FI,170
CA,171
CA,172
US,173
DE,174
US,175
US,176
FI,177
CA,178
CA,179
CA,180
CA,181
US,182
CA,183
CA,184
US,185
US,186
US,187
CA,188
CA,189
US,190
CA,191
US,192
SK,193
SE,194
SE,195
CA,196
CA,197
CA,198
US,199
CA,200
US,201
RU,202
CA,203
FI,204
CA,205
CA,206
CA,207
CA,208
US,209
CA,210
US,211
US,1
CA,2
CA,3
SE,4
US,5
CA,6
US,7
US,8
CA,9
CZ,10
CA,11
CA,12
CZ,13
AT,14
FI,15
CA,16
US,17
CA,18
US,19
US,20
US,21
CA,22
RU,23
SE,24
SE,25
CA,26
RU,27
US,28
US,29
CA,30
CZ,31
US,32
RU,33
CZ,34
CA,35
CA,36
RU,37
CA,38
AT,39
CZ,40
CA,41
US,42
CA,43
RU,44
US,45
SE,46
CA,47
US,48
CA,49
CA,50
US,51
CA,52
CA,53
RU,54
RU,55
US,56
US,57
RU,58
CA,59
FI,60
CA,61
SE,62
US,63
SE,64
US,65
CA,66
RU,67
CA,68
CA,69
SE,70
CA,71
CA,72
CA,73
US,74
CA,75
SE,76
RU,77
US,78
CA,79
US,80
US,81
SE,82
CA,83
CA,84
US,85
CA,86
CA,87
SE,88
US,89
CA,90
LV,91
SE,92
CA,93
US,94
CA,95
US,96
FI,97
CA,98
CA,99
US,100
FI,101
US,102
CA,103
CZ,104
FI,105
CH,106
US,107
CA,108
CZ,109
US,110
DE,111
CA,112
CA,113
SE,114
SK,115
US,116
DE,117
CA,118
US,119
US,120
CA,121
US,122
CA,123
US,124
CA,125
US,126
CA,127
CA,128
FI,129
US,130
CZ,131
FI,132
CA,133
US,134
US,135
CA,136
SK,137
CA,138
RU,139
US,140
SE,141
CA,142
CA,143
CA,144
US,145
CA,146
CA,147
CA,148
FI,149
FI,150
CA,151
CA,152
CA,153
US,154
CA,155
FI,156
US,157
CA,158
CA,159
CA,160
SE,161
CH,162
RU,163
DE,164
FI,165
US,166
SK,167
CA,168
CA,169
RU,170
US,171
FI,172
SE,173
CA,174
CH,175
US,176
CA,177
US,178
US,179
EE,180
CA,181
SI,182
CA,183
SE,184
FI,185
CA,186
CA,187
US,188
CA,189
US,190
US,191
US,192
CA,193
CA,194
CA,195
US,196
CA,197
RU,198
US,199
LV,200
US,201
US,202
US,203
SK,204
RU,205
SE,206
CA,207
CA,208
SE,209
US,210
US,211
CA,212
DE,213
CA,1
US,2
US,3
CA,4
CA,5
CA,6
US,7
CA,8
US,9
CA,10
SI,11
CA,12
SK,13
CA,14
JP,15
CA,16
CZ,17
CA,18
CZ,19
CA,20
FI,21
US,22
SE,23
US,24
CA,25
CA,26
US,27
US,28
CA,29
SK,30
CA,31
US,32
CA,33
US,34
CA,35
CA,36
CA,37
US,38
CZ,39
US,40
CZ,41
US,42
CA,43
CA,44
CA,45
CA,46
US,47
DE,48
CA,49
CA,50
CA,51
CA,52
CA,53
CA,54
CA,55
CA,56
CA,57
US,58
CA,59
CA,60
US,61
CA,62
CA,63
CA,64
CA,65
CA,66
CA,67
CA,68
CA,69
RU,70
CA,71
US,72
CZ,73
CA,74
FI,75
CA,76
CA,77
FI,78
CA,79
SE,80
CA,81
CA,82
FI,83
CA,84
US,85
US,86
CA,87
US,88
CA,89
US,90
LV,91
SK,92
CA,93
CZ,94
CA,95
US,96
US,97
RU,98
US,99
CA,100
US,101
CA,102
SE,103
US,104
US,105
CZ,106
CA,107
SE,108
US,109
CA,110
CA,111
US,112
US,113
CA,114
FI,115
US,116
RU,117
CA,118
US,119
RU,120
SK,121
DK,122
SK,123
US,124
FI,125
CA,126
CA,127
CA,128
US,129
CA,130
CZ,131
CA,132
SK,133
CA,134
CZ,135
CZ,136
SE,137
US,138
SE,139
CA,140
US,141
US,142
CA,143
FI,144
US,145
SE,146
CA,147
RU,148
CA,149
CA,150
CA,151
CA,152
US,153
CA,154
US,155
CA,156
SE,157
CA,158
FI,159
CA,160
US,161
US,162
CZ,163
RU,164
CA,165
CA,166
US,167
US,168
CA,169
US,170
CA,171
CZ,172
SE,173
CA,174
FI,175
US,176
CA,177
CA,178
CA,179
CA,180
US,181
CA,182
CA,183
US,184
CA,185
RU,186
RU,187
US,188
RU,189
CA,190
RU,191
CA,192
US,193
CA,194
US,195
US,196
CA,197
US,198
CA,199
BY,200
CA,201
CZ,202
SE,203
CA,204
SK,205
US,206
CA,207
US,208
RU,209
CA,210
CA,211
US,212
CA,213
CA,214
CA,215
SE,216
CA,217
CA,218
RU,219
CA,220
CA,221
CA,222
US,223
US,224
US,225
CA,226
US,227
US,228
CA,229
SE,230
RU,1
RU,2
CA,3
CA,4
US,5
US,6
CZ,7
CA,8
CZ,9
SK,10
FI,11
US,12
US,13
CA,14
RU,15
FI,16
CZ,17
CA,18
FI,19
CA,20
PL,21
CZ,22
SK,23
CA,24
US,25
US,26
CA,27
CA,28
CA,29
CA,30
SE,31
CA,32
US,33
SE,34
CA,35
CA,36
CA,37
CA,38
CA,39
US,40
CA,41
BY,42
CA,43
RU,44
CA,45
US,46
CA,47
CA,48
SE,49
RU,50
CA,51
CA,52
US,53
CZ,54
CA,55
SE,56
US,57
RU,58
CA,59
US,60
US,61
RU,62
CZ,63
LV,64
CA,65
FI,66
CA,67
CA,68
US,69
CA,70
SK,71
RU,72
CZ,73
US,74
CA,75
CA,76
US,77
SK,78
CA,79
US,80
CZ,81
RU,82
KZ,83
RU,84
US,85
CA,86
DK,87
DE,88
CA,89
CA,90
SE,91
US,92
CA,93
DE,94
US,95
RU,96
SE,97
CA,98
CA,99
US,100
US,101
US,102
SI,103
SE,104
CA,105
CA,106
CA,107
CA,108
CA,109
ME,110
CA,111
CA,112
SK,113
CA,114
CA,115
CZ,116
CH,117
FI,118
US,119
CA,120
CA,121
RU,122
CZ,123
CA,124
CA,125
CA,126
US,127
CA,128
CA,129
SI,130
CA,131
SE,132
CZ,133
CA,134
CZ,135
RU,136
SE,137
FI,138
CA,139
US,140
US,141
SK,142
CA,143
US,144
SI,145
CA,146
SE,147
CA,148
US,149
DE,150
BY,151
CA,152
US,153
SE,154
RU,155
CH,156
RU,157
CA,158
US,159
CA,160
CA,161
US,162
US,163
US,164
CA,165
CH,166
US,167
CA,168
CA,169
SI,170
CA,171
US,172
CA,173
US,174
CA,175
US,176
CA,177
CA,178
CZ,179
CZ,180
CA,181
SE,182
US,183
US,184
CA,185
CA,186
US,187
CZ,188
CA,189
FI,190
FI,191
SE,192
US,193
US,194
CA,195
FI,196
CA,197
CA,198
US,199
CA,200
CA,201
CA,202
CA,203
FI,204
US,205
KZ,206
CA,207
CA,208
CZ,209
SE,210
SE,211
CA,212
US,213
CA,214
US,215
CA,216
CA,217
BY,218
CA,219
KZ,220
GB,221
CA,222
CA,223
US,224
CA,225
CA,226
CA,227
CA,228
CA,229
CA,230
US,231
CA,232
US,233
US,234
CZ,235
CA,236
CA,237
JP,238
CA,239
CA,240
CA,241
CA,242
RU,243
CA,244
CA,245
CA,246
CA,247
CZ,248
US,249
US,250
US,251
CZ,252
CA,253
CA,254
SE,255
US,256
RU,257
FI,258
CA,259
FI,260
US,261
CH,262
US,263
FI,264
CA,265
CZ,266
US,267
CZ,268
FI,269
CA,270
CA,271
CA,272
CA,273
SE,274
CA,275
CA,276
CA,277
CA,278
CA,279
CA,280
US,281
RU,282
US,283
SE,284
US,285
CA,286
DK,287
US,288
US,289
SE,290
US,291
CA,1
CA,2
CA,3
UA,4
AT,5
CZ,6
US,7
CA,8
CA,9
BY,10
CA,11
US,12
US,13
CA,14
CA,15
CA,16
US,17
CA,18
CA,19
CA,20
US,21
CA,22
US,23
CA,24
CA,25
US,26
CA,27
CA,28
CA,29
CA,30
US,31
CA,32
SE,33
DE,34
RU,35
CZ,36
CA,37
CZ,38
CA,39
CA,40
US,41
CZ,42
US,43
KZ,44
CA,45
US,46
US,47
RU,48
CA,49
SK,50
US,51
CA,52
RU,53
US,54
CA,55
CA,56
US,57
CA,58
CZ,59
CA,60
CA,61
US,62
CA,63
US,64
SK,65
FI,66
RU,67
CA,68
CA,69
CA,70
RU,71
RU,72
CA,73
CA,74
US,75
SK,76
CA,77
US,78
CA,79
KZ,80
SK,81
CA,82
US,83
RU,84
CA,85
CA,86
US,87
US,88
CA,89
FI,90
SK,91
DE,92
RU,93
CA,94
CA,95
CA,96
CA,97
RU,98
US,99
CH,100
BY,101
US,102
CA,103
CA,104
CZ,105
CZ,106
CA,107
CH,108
SE,109
US,110
CA,111
CA,112
CA,113
RU,114
CA,115
CA,116
FI,117
US,118
CA,119
SK,120
CA,121
US,122
CA,123
US,124
RU,125
CA,126
CA,127
CA,128
CZ,129
CZ,130
CZ,131
CA,132
RU,133
RU,134
SE,135
US,136
CA,137
FI,138
DE,139
CA,140
US,141
US,142
US,143
FI,144
US,145
US,146
SE,147
US,148
CA,149
US,150
FI,151
CA,152
US,153
US,154
US,155
RU,156
PL,157
CA,158
CA,159
SE,160
RU,161
CZ,162
CA,163
CA,164
US,165
RU,166
US,167
CA,168
CZ,169
SE,170
RU,171
RU,172
CA,173
FI,174
CA,175
SK,176
SE,177
CA,178
CH,179
CA,180
SE,181
CA,182
US,183
SE,184
CA,185
US,186
CZ,187
CA,188
CA,189
CA,190
CA,191
CA,192
FI,193
SE,194
CA,195
SE,196
CA,197
CA,198
CA,199
RU,200
CA,201
CA,202
RU,203
SE,204
US,205
CA,206
RU,207
CA,208
US,209
RU,210
CA,211
SK,212
CZ,213
CA,214
CA,215
DE,216
FI,217
CA,218
CA,219
CA,220
RU,221
CA,222
CA,223
US,224
CA,225
SE,226
CA,227
CA,228
CA,229
US,230
CA,231
US,232
CA,233
CZ,234
CA,235
SE,236
CA,237
US,238
SE,239
CA,240
CA,241
RU,242
CZ,243
CA,244
US,245
RU,246
CA,247
CZ,248
CA,249
CA,250
US,251
RU,252
RU,253
CA,254
LV,255
US,256
CA,257
SK,258
FI,259
FI,260
CA,261
CA,262
CA,263
CA,264
CA,265
CA,266
US,267
LV,268
CA,269
CA,270
SK,271
US,272
RU,273
US,274
US,275
US,276
US,277
CA,278
CA,279
FI,280
US,281
CA,282
CA,283
FI,284
CA,285
CZ,286
CA,287
CA,288
SE,289
CH,290
CA,291
RU,292
CA,1
FI,2
CA,3
FI,4
US,5
CA,6
CA,7
CA,8
CZ,9
US,10
US,11
CA,12
RU,13
US,14
FI,15
CZ,16
CA,17
RU,18
CZ,19
CA,20
UA,21
FI,22
CA,23
CA,24
CA,25
CZ,26
US,27
SE,28
FI,29
US,30
CA,31
HU,32
US,33
CH,34
CZ,35
CA,36
CA,37
CA,38
US,39
US,40
SE,41
NO,42
CA,43
US,44
CZ,45
CA,46
RU,47
RU,48
RU,49
RU,50
RU,51
US,52
US,53
CA,54
BY,55
RU,56
CA,57
CZ,58
CA,59
CA,60
CA,61
UA,62
CZ,63
US,64
NO,65
CZ,66
CA,67
CA,68
CA,69
US,70
US,71
US,72
CA,73
CA,74
FI,75
CA,76
CA,77
CA,78
CA,79
US,80
SE,81
US,82
CZ,83
CZ,84
CA,85
CZ,86
DK,87
CA,88
SK,89
CA,90
US,91
CA,92
RU,93
US,94
FI,95
US,96
CA,97
RU,98
CA,99
RU,100
SE,101
CA,102
FI,103
CA,104
CA,105
RU,106
FI,107
CZ,108
CA,109
FI,110
SE,111
RU,112
CA,113
US,114
CA,115
US,116
US,117
CZ,118
LV,119
SE,120
US,121
CZ,122
,123
CA,124
SE,125
RU,126
US,127
CA,128
US,129
CZ,130
SE,131
US,132
FI,133
FI,134
US,135
US,136
CA,137
CA,138
CA,139
CA,140
CZ,141
CH,142
US,143
CA,144
CA,145
RU,146
CA,147
CA,148
SE,149
CA,150
CA,151
CA,152
SK,153
LV,154
LV,155
US,156
CA,157
CA,158
SE,159
CH,160
US,161
YU,162
US,163
CA,164
US,165
CA,166
CA,167
CA,168
CA,169
US,170
US,171
US,172
CA,173
FI,174
CA,175
CA,176
US,177
RU,178
CZ,179
RU,180
FI,181
BS,182
CA,183
CZ,184
US,185
US,186
CA,187
US,188
RU,189
CA,190
CA,191
RU,192
CA,193
FI,194
CA,195
FI,196
CA,197
CA,198
US,199
RU,200
CA,201
CH,202
CA,203
SE,204
CA,205
CA,206
SE,207
SK,208
FI,209
CA,210
US,211
CA,212
FI,213
CA,214
RU,215
CZ,216
US,217
FI,218
CA,219
CA,220
SE,221
CA,222
RU,223
CA,224
CA,225
US,226
CA,227
RU,228
CA,229
CA,230
CZ,231
US,232
RU,233
CA,234
CA,235
CA,236
AT,237
FI,238
US,239
CZ,240
CA,241
RU,242
FI,243
US,244
CZ,245
CZ,246
CA,247
FI,248
US,249
CA,250
US,251
CZ,252
FI,253
FI,254
CA,255
CA,256
FI,257
RU,258
CA,259
CA,260
CA,261
SE,262
RU,263
CA,264
US,265
CA,266
CA,267
RU,268
SE,269
US,270
CZ,271
SE,272
US,273
SE,274
RU,275
RU,276
CH,277
US,278
CA,279
CA,280
US,281
US,282
SE,283
CA,284
SE,285
RU,286
US,287
US,288
US,289
RU,290
SE,291
RU,1
CA,2
RU,3
CA,4
RU,5
FI,6
US,7
CA,8
FI,9
CA,10
SE,11
CA,12
CZ,13
CA,14
RU,15
US,16
CA,17
SE,18
CA,19
DE,20
CA,21
CZ,22
US,23
CZ,24
KZ,25
US,26
CA,27
CA,28
CA,29
US,30
CA,31
CA,32
RU,33
CA,34
CA,35
CA,36
CA,37
US,38
CZ,39
RU,40
RU,41
SK,42
CA,43
SK,44
CZ,45
CA,46
RU,47
FI,48
CA,49
CA,50
CZ,51
US,52
CA,53
US,54
CA,55
RU,56
CA,57
CA,58
CA,59
RU,60
SE,61
RU,62
SK,63
SK,64
CA,65
RU,66
CH,67
CA,68
CA,69
SE,70
CZ,71
CA,72
US,73
CA,74
RU,75
AT,76
CA,77
CH,78
CA,79
CA,80
US,81
CA,82
SE,83
US,84
CA,85
CA,86
SE,87
CA,88
FI,89
CA,90
CA,91
CA,92
CA,93
RU,94
CA,95
CA,96
CA,97
CA,98
CA,99
US,100
CA,101
FI,102
FI,103
CA,104
RU,105
DE,106
KZ,107
FI,108
FI,109
CA,110
FI,111
CA,112
US,113
RU,114
RU,115
CA,116
US,117
US,118
RU,119
SK,120
CA,121
RU,122
CA,123
UA,124
CA,125
CZ,126
DE,127
RU,128
CZ,129
CA,130
US,131
CZ,132
FI,133
CA,134
US,135
CA,136
CA,137
US,138
CA,139
CZ,140
CA,141
FI,142
SK,143
CA,144
US,145
FI,146
CZ,147
US,148
FI,149
AT,150
CA,151
CA,152
FI,153
US,154
CZ,155
US,156
SE,157
CZ,158
RU,159
RU,160
CA,161
DE,162
SE,163
RU,164
CA,165
CA,166
CZ,167
RU,168
CA,169
SK,170
CA,171
DE,172
CA,173
RU,174
CA,175
CZ,176
RU,177
RU,178
US,179
US,180
CA,181
US,182
CZ,183
US,184
SE,185
CZ,186
RU,187
US,188
FI,189
CA,190
CZ,191
FI,192
CA,193
US,194
CA,195
CA,196
CZ,197
SK,198
CA,199
FI,200
US,201
CA,202
CA,203
CH,204
FI,205
CZ,206
CA,207
CA,208
CA,209
US,210
US,211
CA,212
SK,213
FR,214
CA,215
RU,216
CZ,217
CZ,218
CA,219
US,220
SE,221
CA,222
US,223
SE,224
SE,225
SE,226
SK,227
CA,228
CA,229
RU,230
CA,231
CH,232
US,233
SE,234
CA,235
CA,236
CA,237
US,238
US,239
SE,240
SK,241
CA,242
CZ,243
CA,244
RU,245
CZ,246
SK,247
FI,248
US,249
US,250
FI,251
CA,252
CZ,253
SK,254
CA,255
US,256
RU,257
RU,258
RU,259
US,260
RU,261
CZ,262
SK,263
CA,264
CA,265
CZ,266
SK,267
CA,268
LV,269
CA,270
FI,271
CZ,272
CH,273
CA,274
DE,275
CA,276
CA,277
CA,278
CA,279
RU,280
RU,281
SI,282
SE,283
CZ,284
CZ,285
FI,286
FI,287
CA,288
SE,289
US,1
DE,2
SK,3
CZ,4
CA,5
CA,6
SE,7
RU,8
CA,9
RU,10
KZ,11
RU,12
US,13
CZ,14
RU,15
SK,16
UA,17
US,18
CA,19
RU,20
RU,21
US,22
CA,23
CA,24
CA,25
CA,26
SE,27
CA,28
SE,29
US,30
RU,31
CZ,32
CA,33
RU,34
US,35
SE,36
US,37
SK,38
FI,39
CA,40
FI,41
CZ,42
CA,43
RU,44
CA,45
CA,46
CA,47
YU,48
SE,49
RU,50
US,51
CA,52
RU,53
SE,54
CA,55
RU,56
US,57
RU,58
CZ,59
CA,60
CZ,61
US,62
LV,63
CZ,64
CA,65
FI,66
KZ,67
SE,68
CA,69
SE,70
CA,71
SE,72
RU,73
RU,74
CA,75
US,76
US,77
SK,78
CA,79
CA,80
RU,81
CA,82
RU,83
SK,84
CA,85
CA,86
CZ,87
US,88
CZ,89
CA,90
RU,91
RU,92
US,93
RU,94
CA,95
CA,96
SE,97
SE,98
US,99
CA,100
FI,101
SE,102
US,103
US,104
RU,105
CA,106
CA,107
CA,108
SE,109
US,110
CA,111
CZ,112
CA,113
CA,114
CA,115
HU,116
FI,117
SK,118
US,119
CA,120
CA,121
US,122
RU,123
CA,124
CA,125
SE,126
RU,127
RU,128
US,129
CA,130
US,131
RU,132
FI,133
SK,134
CA,135
KZ,136
US,137
CA,138
RU,139
CA,140
CA,141
CZ,142
US,143
RU,144
CA,145
CZ,146
CA,147
SE,148
RU,149
US,150
RU,151
CA,152
US,153
US,154
CA,155
CA,156
US,157
US,158
US,159
US,160
RU,161
RU,162
RU,163
SK,164
CA,165
CA,166
CA,167
CZ,168
CA,169
US,170
CZ,171
US,172
SK,173
FI,174
CH,175
FI,176
US,177
US,178
KZ,179
CA,180
US,181
CZ,182
SK,183
CA,184
US,185
CA,186
SE,187
CA,188
CA,189
US,190
CA,191
CZ,192
US,193
CA,194
GB,195
CA,196
CZ,197
CA,198
CA,199
FI,200
RU,201
CA,202
SI,203
CA,204
SE,205
SE,206
US,207
CA,208
FI,209
US,210
US,211
SE,212
RU,213
SK,214
CA,215
US,216
RU,217
CA,218
FI,219
US,220
CA,221
SK,222
SK,223
FI,224
RU,225
US,226
CA,227
SE,228
CA,229
FI,230
US,231
SK,232
RU,233
LV,234
US,235
SE,236
CZ,237
US,238
CZ,239
US,240
CA,241
US,242
FI,243
US,244
US,245
CA,246
US,247
CA,248
FI,249
CH,250
US,251
CA,252
CA,253
RU,254
CA,255
FI,256
CA,257
CA,258
CA,259
RU,260
AT,261
CA,262
CH,263
RU,264
CA,265
US,266
FI,267
CZ,268
CZ,269
CA,270
CH,271
CA,272
CZ,273
RU,274
CA,275
CA,276
CA,277
CZ,278
SE,279
CA,280
SK,281
FI,282
CA,283
CH,284
CA,285
SK,286
CZ,287
CA,288
SE,289
CA,290
CH,291
CA,292
FI,293
CZ,1
SE,2
SE,3
CZ,4
US,5
CA,6
CA,7
CA,8
CA,9
SK,10
RU,11
UA,12
FI,13
US,14
CA,15
US,16
CA,17
BY,18
RU,19
US,20
CA,21
CA,22
CA,23
CH,24
RU,25
CZ,26
FI,27
SK,28
CZ,29
CA,30
CA,31
US,32
SE,33
CA,34
SK,35
RU,36
CA,37
US,38
RU,39
CA,40
FI,41
CA,42
RU,43
US,44
CA,45
KZ,46
CA,47
CA,48
CA,49
CA,50
US,51
US,52
CA,53
US,54
US,55
CA,56
CA,57
CA,58
US,59
CA,60
US,61
FI,62
KZ,63
CA,64
SK,65
CA,66
RU,67
CZ,68
SK,69
FI,70
CA,71
CA,72
CA,73
US,74
CA,75
CZ,76
US,77
SE,78
SE,79
CA,80
US,81
US,82
SE,83
CA,84
SK,85
CA,86
US,87
SE,88
CA,89
US,90
CA,91
CA,92
SK,93
CA,94
AT,95
SE,96
US,97
CA,98
CA,99
FI,100
SK,101
SE,102
CA,103
CA,104
RU,105
RU,106
CA,107
CA,108
CA,109
CA,110
US,111
SE,112
US,113
CA,114
US,115
CA,116
CZ,117
FI,118
CA,119
SE,120
RU,121
SK,122
CA,123
RU,124
SE,125
CA,126
LV,127
CA,128
CA,129
CA,130
RU,131
SK,132
CA,133
CA,134
US,135
CA,136
CA,137
US,138
CA,139
US,140
RU,141
US,142
US,143
SK,144
CA,145
CA,146
CA,147
CZ,148
RU,149
US,150
CZ,151
CA,152
US,153
CA,154
US,155
AT,156
RU,157
SE,158
RU,159
KZ,160
CZ,161
CH,162
SE,163
CZ,164
CA,165
CA,166
CA,167
SE,168
CA,169
CA,170
CA,171
CA,172
SE,173
US,174
US,175
US,176
US,177
CA,178
CA,179
NO,180
CA,181
RU,182
FI,183
CA,184
CA,185
CA,186
CZ,187
US,188
CA,189
CA,190
CZ,191
SE,192
CA,193
SE,194
FR,195
KZ,196
FI,197
CA,198
CA,199
CZ,200
FI,201
CA,202
US,203
CA,204
CA,205
CA,206
CA,207
CZ,208
CA,209
SE,210
RU,211
CZ,212
CA,213
US,214
CA,215
FI,216
CA,217
SE,218
RU,219
SK,220
CA,221
US,222
CA,223
SE,224
FI,225
RU,226
CA,227
CZ,228
CA,229
CZ,230
US,231
RU,232
CA,233
YU,234
CA,235
US,236
FI,237
RU,238
SE,239
US,240
SE,241
US,242
US,243
FI,244
FI,245
US,246
FI,247
CA,248
RU,249
US,250
SE,251
US,252
CA,253
RU,254
US,255
HU,256
FI,257
US,258
BY,259
CA,260
CA,261
KZ,262
CA,263
RU,264
CA,265
CA,266
US,267
US,268
RU,269
CA,270
CA,271
RU,272
CA,1
US,2
CA,3
CA,4
UA,5
CA,6
CA,7
CA,8
US,9
KZ,10
CA,11
CA,12
CA,13
CA,14
CA,15
US,16
CZ,17
RU,18
BR,19
US,20
CA,21
CA,22
CZ,23
SE,24
CZ,25
CA,26
US,27
CA,28
CA,29
CA,30
RU,31
CA,32
CA,33
CA,34
CZ,35
TZ,36
SE,37
US,38
CA,39
CA,40
UA,41
CA,42
FI,43
CA,44
CA,45
CA,46
CA,47
CA,48
CA,49
CZ,50
CA,51
US,52
CA,53
RU,54
CA,55
PL,56
CA,57
US,58
CA,59
RU,60
CA,61
CA,62
CA,63
CA,64
CA,65
CA,66
CA,67
FI,68
CA,69
US,70
US,71
RU,72
US,73
CH,74
CA,75
RU,76
US,77
SE,78
UA,79
CA,80
US,81
US,82
CA,83
CA,84
US,85
SE,86
UA,87
US,88
CA,89
CA,90
CZ,91
CA,92
SE,93
AT,94
CA,95
FI,96
US,97
CA,98
CA,99
CA,100
RU,101
CA,102
CA,103
SK,104
CA,105
CA,106
US,107
CA,108
CA,109
CA,110
CA,111
SE,112
FI,113
CA,114
US,115
US,116
CZ,117
CA,118
UA,119
CA,120
CA,121
US,122
CZ,123
CA,124
US,125
CA,126
CA,127
CA,128
CZ,129
CA,130
CZ,131
RU,132
CA,133
US,134
CA,135
SE,136
CA,137
CA,138
CA,139
CA,140
CA,141
SE,142
CA,143
RU,144
SE,145
RU,146
CA,147
CA,148
CA,149
CA,150
CA,151
CA,152
CZ,153
CA,154
US,155
CA,156
CA,157
FI,158
CA,159
SE,160
CA,161
RU,162
CZ,163
CZ,164
CA,165
CA,166
RU,167
FI,168
CZ,169
KZ,170
RU,171
CA,172
FI,173
CA,174
CA,175
CA,176
US,177
CA,178
CA,179
SE,180
CA,181
RU,182
US,183
US,184
CA,185
US,186
US,187
CA,188
KZ,189
FI,190
CA,191
CZ,192
SK,193
CA,194
CZ,195
CA,196
CA,197
CA,198
US,199
US,200
CA,201
SK,202
CA,203
US,204
CA,205
SE,206
SE,207
CZ,208
CA,209
CA,210
CA,211
US,212
CA,213
CA,214
CA,215
CA,216
US,217
CZ,218
CA,219
US,220
CA,221
SK,222
RU,223
FI,224
UA,225
SE,226
FI,227
CZ,228
CA,229
LV,230
SE,231
CA,232
SE,233
US,234
SE,235
RU,236
US,237
CA,238
CA,239
RU,240
RU,241
CA,242
CZ,243
US,244
SE,245
SK,246
CA,247
CA,248
SK,249
CZ,250
CA,251
SK,252
CA,253
US,254
US,255
FI,256
CA,257
RU,258
CA,1
CA,2
FI,3
CA,4
CA,5
CA,6
US,7
RU,8
CA,9
CA,10
CA,11
SK,12
CA,13
CH,14
CA,15
US,16
SK,17
SE,18
CA,19
CA,20
FI,21
US,22
CA,23
CA,24
CA,25
CA,26
US,27
US,28
CA,29
US,30
CA,31
CA,32
CA,33
CA,34
CA,35
CA,36
AT,37
SK,38
CA,39
CA,40
CA,41
CA,42
FI,43
US,44
RU,45
CA,46
SE,47
SE,48
RU,49
CA,50
RU,51
RU,52
CA,53
SE,54
CA,55
CZ,56
US,57
FI,58
CA,59
CA,60
US,61
CA,62
CA,63
CA,64
FI,65
US,66
US,67
RU,68
RU,69
SE,70
CZ,71
CA,72
CA,73
CA,74
CA,75
CZ,76
CA,77
FI,78
CZ,79
CA,80
SK,81
CA,82
US,83
CA,84
CZ,85
CA,86
CA,87
CA,88
CA,89
CA,90
CA,91
US,92
FI,93
SE,94
RU,95
CA,96
CA,97
CZ,98
CA,99
CA,100
CA,101
CA,102
RU,103
CA,104
SE,105
CA,106
CA,107
CA,108
CZ,109
US,110
CZ,111
CZ,112
CA,113
CA,114
US,115
US,116
CA,117
RU,118
SE,119
CA,120
CA,121
UA,122
CA,123
CA,124
CA,125
CA,126
US,127
US,128
SE,129
CA,130
SK,131
FI,132
US,133
SE,134
RU,135
US,136
CA,137
US,138
CA,139
RU,140
CA,141
CA,142
SE,143
CA,144
CA,145
CA,146
US,147
CA,148
CA,149
CA,150
DE,151
CZ,152
RU,153
CA,154
CA,155
CA,156
CA,157
CA,158
DE,159
RU,160
CH,161
CA,162
US,163
CA,164
CA,165
CA,166
CA,167
CA,168
US,169
FI,170
CA,171
CA,172
CZ,173
CA,174
SE,175
CA,176
SK,177
CA,178
CA,179
CA,180
US,181
US,182
US,183
CA,184
CA,185
CA,186
CA,187
CA,188
CA,189
CA,190
FI,191
CA,192
US,193
US,194
SE,195
CA,196
CZ,197
CA,198
CA,199
CA,200
RU,201
RU,202
US,203
RU,204
CA,205
US,206
LV,207
CA,208
CH,209
CA,210
US,211
CZ,212
CA,213
FI,214
US,215
RU,216
US,217
CA,218
CA,219
CA,220
SE,221
CA,222
CA,223
CA,224
CA,225
CA,226
CA,227
NO,228
CZ,229
US,230
RU,231
RU,232
US,233
US,234
FI,235
US,236
CA,237
CA,238
CA,239
SE,240
CZ,241
CA,242
US,243
CZ,244
CA,245
CA,246
CA,1
RU,2
CA,3
RU,4
CA,5
CA,6
US,7
CA,8
BY,9
CA,10
CA,11
CA,12
CA,13
US,14
LT,15
CA,16
CZ,17
CA,18
CA,19
SE,20
DE,21
CA,22
CA,23
CA,24
US,25
CA,26
CA,27
CZ,28
US,29
CA,30
CA,31
CA,32
CA,33
CA,34
US,35
CZ,36
SK,37
CA,38
CA,39
CA,40
US,41
CA,42
CZ,43
CA,44
CA,45
CA,46
CA,47
CA,48
CA,49
CA,50
RU,51
CA,52
CA,53
CA,54
CA,55
SK,56
CA,57
RU,58
US,59
CA,60
RU,61
SE,62
US,63
CA,64
RU,65
CA,66
CA,67
UA,68
CA,69
CA,70
CA,71
CA,72
RU,73
CA,74
CA,75
RU,76
UA,77
CA,78
US,79
CA,80
FI,81
CA,82
CA,83
SE,84
CA,85
US,86
CA,87
CA,88
FI,89
CA,90
SE,91
DK,92
SE,93
CA,94
CA,95
CA,96
RU,97
CA,98
CA,99
CA,100
CA,101
CA,102
RU,103
CA,104
CZ,105
CA,106
CA,107
SE,108
US,109
CA,110
CA,111
CA,112
RU,113
US,114
RU,115
CA,116
US,117
CA,118
SK,119
CA,120
CA,121
CZ,122
CA,123
SE,124
CA,125
CA,126
CA,127
CZ,128
CA,129
CA,130
CA,131
SE,132
US,133
US,134
CZ,135
SE,136
DE,137
CA,138
US,139
UA,140
CA,141
CA,142
CA,143
SE,144
US,145
CA,146
CA,147
US,148
CA,149
CA,150
CA,151
RU,152
US,153
CA,154
CA,155
CA,156
CA,157
SE,158
CA,159
DE,160
CA,161
CA,162
CA,163
CA,164
US,165
CA,166
US,167
CA,168
CA,169
CA,170
CA,171
US,172
CA,173
CA,174
CA,175
SE,176
CA,177
US,178
CZ,179
US,180
FI,181
CA,182
CA,183
CA,184
US,185
CA,186
RU,187
CZ,188
CA,189
CA,190
CA,191
RU,192
FI,193
CA,194
CA,195
SK,196
CA,197
CA,198
CA,199
US,200
CA,201
CA,202
US,203
CZ,204
CA,205
RU,206
CH,207
CA,208
RU,209
CA,210
CA,211
DE,212
CA,213
US,214
CA,215
SK,216
CA,217
CA,218
CA,219
CA,220
US,221
CA,222
BN,223
SE,224
FI,225
CA,226
SK,227
SK,228
RU,229
CA,230
RU,231
CA,232
CA,233
SE,234
CA,235
RU,236
SE,237
FI,238
FI,239
US,240
RU,241
US,1
CA,2
FI,3
CA,4
CA,5
CA,6
CA,7
CA,8
CA,9
CZ,10
CA,11
FI,12
CA,13
CA,14
CA,15
CA,16
CA,17
CZ,18
RU,19
CA,20
CA,21
US,22
FI,23
RU,24
CA,25
RU,26
CA,27
CZ,28
CA,29
CA,30
CA,31
CA,32
CA,33
CA,34
RU,35
CA,36
CA,37
US,38
CA,39
CA,40
CA,41
CA,42
CA,43
CA,44
CA,45
RU,46
CA,47
CA,48
DE,49
CZ,50
CA,51
CA,52
CA,53
CA,54
CA,55
CA,56
CZ,57
CA,58
RU,59
CZ,60
CA,61
CA,62
CZ,63
FI,64
CA,65
CA,66
CA,67
CA,68
RU,69
RU,70
CA,71
CA,72
US,73
AT,74
CA,75
CA,76
CA,77
CA,78
CA,79
CA,80
FI,81
CA,82
CA,83
CA,84
CA,85
CA,86
FI,87
SE,88
CA,89
FI,90
CA,91
CA,92
CA,93
CA,94
CA,95
SE,96
CZ,97
SE,98
CA,99
SK,100
SK,101
RU,102
CA,103
RU,104
CA,105
SK,106
RU,107
UA,108
CZ,109
RU,110
CZ,111
SE,112
CA,113
CA,114
CA,115
FI,116
US,117
CA,118
CA,119
CA,120
US,121
CA,122
CA,123
CA,124
CA,125
DE,126
CA,127
CZ,128
US,129
CZ,130
CZ,131
RU,132
CA,133
RU,134
CA,135
CA,136
RU,137
CA,138
US,139
FI,140
CA,141
CZ,142
SK,143
CA,144
CA,145
US,146
CA,147
CA,148
CA,149
CA,150
RU,151
CZ,152
CA,153
RU,154
CA,155
CA,156
CA,157
CA,158
CA,159
CA,160
SK,161
CA,162
FI,163
CA,164
CA,165
CA,166
CA,167
CZ,168
US,169
CA,170
CZ,171
CA,172
CA,173
CA,174
CA,175
CA,176
SE,177
CZ,178
CA,179
CA,180
CA,181
SE,182
FI,183
CA,184
UA,185
CA,186
CA,187
SK,188
SE,189
CA,190
SK,191
CZ,192
UA,193
US,194
RU,195
CA,196
US,197
CA,198
RU,199
CA,200
US,201
RU,202
RU,203
RU,204
CA,205
RU,206
FI,207
RU,208
CZ,209
CA,210
CA,211
CA,212
CZ,213
CA,214
CA,215
CA,216
US,217
CA,218
CA,219
FI,220
CA,221
CA,222
RU,223
CA,224
US,225
CA,226
CA,227
CA,228
CA,229
CA,230
US,231
CA,232
US,233
SE,234
CA,1
UA,2
CZ,3
US,4
CA,5
CA,6
CA,7
CA,8
CA,9
CA,10
CA,11
CA,12
SE,13
CA,14
RU,15
CA,16
CA,17
CA,18
CA,19
CA,20
RU,21
US,22
RU,23
CA,24
RU,25
CA,26
CA,27
SE,28
CZ,29
US,30
CA,31
CA,32
CA,33
CA,34
CZ,35
CA,36
CZ,37
CA,38
CA,39
CA,40
CA,41
CA,42
CA,43
CA,44
UZ,45
CA,46
CA,47
US,48
CA,49
KR,50
CZ,51
SK,52
CA,53
CA,54
RU,55
CA,56
DE,57
CA,58
RU,59
CA,60
CA,61
RU,62
CA,63
SE,64
CA,65
RU,66
CA,67
CA,68
NG,69
FI,70
CA,71
US,72
CA,73
CA,74
CA,75
RU,76
US,77
CA,78
CA,79
CA,80
US,81
CA,82
CA,83
CA,84
CA,85
RU,86
CZ,87
CA,88
CZ,89
CA,90
CA,91
CA,92
US,93
CA,94
FI,95
FI,96
SE,97
CA,98
US,99
RU,100
CA,101
US,102
CZ,103
CA,104
CA,105
CZ,106
SE,107
CA,108
CA,109
US,110
CA,111
CA,112
US,113
CA,114
US,115
US,116
CA,117
CA,118
CA,119
SE,120
UA,121
CA,122
DE,123
CA,124
CA,125
CA,126
CA,127
US,128
CA,129
CA,130
US,131
US,132
SE,133
US,134
UA,135
US,136
US,137
CA,138
CA,139
RU,140
RU,141
US,142
CA,143
CA,144
RU,145
CA,146
CA,147
CA,148
SE,149
RU,150
US,151
CA,152
RU,153
RU,154
CA,155
CA,156
CA,157
US,158
US,159
CA,160
CA,161
RU,162
CA,163
CA,164
CA,165
CA,166
RU,167
CA,168
RU,169
CA,170
CA,171
CZ,172
CA,173
CA,174
CZ,175
CA,176
CA,177
FI,178
CA,179
US,180
CA,181
UA,182
CA,183
CA,184
CA,185
RU,186
US,187
CA,188
CA,189
RU,190
CA,191
CA,192
CA,193
CA,194
CA,195
CA,196
US,197
CA,198
CA,199
SE,200
CA,201
CA,202
SE,203
CA,204
CA,205
KZ,206
CA,207
US,208
KZ,209
CA,210
CA,211
SE,212
CA,213
CA,214
CZ,215
RU,216
US,217
SE,218
KZ,219
CA,220
CA,221
CZ,222
US,223
CA,224
CA,225
CZ,226
SE,227
CA,228
US,229
CA,230
US,231
US,232
CA,233
CA,234
FI,235
FI,236
US,237
US,238
US,239
CZ,240
RU,241
CA,242
CA,243
CA,244
US,245
CA,246
CA,247
CH,248
SK,249
CA,250
CA,251
US,252
US,253
CA,254
CA,255
RU,256
SE,257
RU,258
US,259
SK,260
SE,261
US,262
US,263
CA,264
CA,265
CZ,266
CA,267
US,268
US,269
CZ,270
CA,271
SE,272
CA,273
FI,274
RU,275
US,276
CA,277
CA,278
RU,279
CA,280
RU,281
US,282
EE,283
US,284
CA,285
SE,286
CA,1
CA,2
CA,3
CA,4
CA,5
RU,6
CA,7
SE,8
CA,9
CA,10
CA,11
SE,12
CA,13
CA,14
SE,15
CA,16
CA,17
SE,18
US,19
CA,20
FI,21
SE,22
CA,23
CA,24
US,25
SE,26
CZ,27
CA,28
CA,29
RU,30
CA,31
US,32
CZ,33
CA,34
US,35
FI,36
RU,37
RU,38
CA,39
CA,40
CA,41
CA,42
RU,43
CA,44
CZ,45
CA,46
US,47
US,48
CA,49
CA,50
US,51
CA,52
CA,53
UA,54
CA,55
RU,56
CA,57
FI,58
US,59
RU,60
RU,61
CA,62
CA,63
US,64
PL,65
RU,66
SE,67
US,68
CA,69
US,70
CZ,71
CZ,72
CA,73
US,74
US,75
CA,76
CZ,77
CA,78
RU,79
RU,80
CZ,81
CA,82
US,83
US,84
US,85
BY,86
CA,87
CA,88
CA,89
CA,90
CA,91
CA,92
RU,93
CA,94
CA,95
CA,96
CA,97
CA,98
CA,99
CA,100
CA,101
PL,102
US,103
SE,104
CA,105
UA,106
CA,107
RU,108
CA,109
CA,110
SK,111
CA,112
CA,113
RU,114
CA,115
SK,116
US,117
SE,118
CA,119
CZ,120
CA,121
US,122
CZ,123
CA,124
CA,125
CA,126
NO,127
FI,128
RU,129
US,130
CA,131
FI,132
CA,133
FI,134
CA,135
US,136
US,137
CA,138
SE,139
US,140
CA,141
CA,142
CA,143
CA,144
CZ,145
FI,146
CA,147
SE,148
US,149
CA,150
CA,151
CA,152
CA,153
SE,154
CA,155
CA,156
RU,157
KZ,158
CA,159
US,160
CA,161
RU,162
RU,163
US,164
CA,165
US,166
CA,167
UA,168
RU,169
CA,170
CA,171
US,172
US,173
CA,174
CA,175
RU,176
US,177
RU,178
CA,179
US,180
US,181
CA,182
CA,183
CA,184
CA,185
US,186
CA,187
CA,188
CZ,189
US,190
US,191
CA,192
US,193
CA,194
CA,195
CA,196
CA,197
CA,198
CA,199
US,200
CA,201
CA,202
CA,203
CZ,204
CZ,205
RU,206
US,207
CA,208
US,209
SE,210
CA,211
BY,212
CA,213
RU,214
US,215
CA,216
RU,217
US,218
US,219
CA,220
CA,221
SE,222
RU,223
SK,224
CA,225
US,226
SK,227
LV,228
CA,229
US,230
CA,231
CA,232
CA,233
US,234
US,235
CA,236
CA,237
RU,238
US,239
CA,240
RU,241
RU,242
CA,243
CA,244
CZ,245
CA,246
CA,247
CA,248
CA,249
FI,250
DE,251
RU,252
CA,253
SE,254
US,255
US,256
CA,257
CA,258
SE,259
RU,260
RU,261
CA,262
CA,263
US,264
CA,265
RU,266
RU,267
RU,268
US,269
US,270
UA,271
CA,272
CA,273
CA,274
SE,275
CH,276
CA,277
CA,278
RU,279
RU,280
US,281
US,282
US,283
US,284
CA,285
SE,286
CZ,1
RU,2
CA,3
CA,4
LT,5
CA,6
CA,7
CA,8
SK,9
RU,10
CA,11
RU,12
US,13
RU,14
CA,15
RU,16
RU,17
CA,18
CZ,19
US,20
CZ,21
CA,22
CA,23
US,24
CA,25
CA,26
RU,27
CA,28
FI,29
US,30
RU,31
US,32
RU,33
FI,34
SK,35
CA,36
CZ,37
RU,38
CA,39
CA,40
RU,41
RU,42
CA,43
CA,44
CA,45
CA,46
RU,47
SE,48
CA,49
CA,50
RU,51
CA,52
DE,53
SE,54
LV,55
CA,56
CZ,57
CA,58
CZ,59
US,60
CA,61
RU,62
BS,63
RU,64
CA,65
CA,66
CA,67
CA,68
US,69
CA,70
CA,71
CA,72
CZ,73
CA,74
CZ,75
CA,76
RU,77
SK,78
CA,79
CA,80
US,81
CA,82
CA,83
CA,84
US,85
CA,86
GB,87
FI,88
CA,89
RU,90
CA,91
CA,92
CA,93
US,94
CA,95
CA,96
CA,97
CA,98
SE,99
US,100
FI,101
FI,102
RU,103
CZ,104
CA,105
CA,106
FI,107
RU,108
CA,109
CA,110
CA,111
CA,112
CA,113
CA,114
CA,115
US,116
CA,117
US,118
US,119
RU,120
CA,121
CA,122
CZ,123
CA,124
SE,125
RU,126
RU,127
CA,128
CA,129
CA,130
CA,131
RU,132
CZ,133
US,134
CA,135
RU,136
CA,137
US,138
RU,139
CZ,140
CA,141
CA,142
CA,143
CA,144
CA,145
CZ,146
CA,147
CA,148
CZ,149
CZ,150
US,151
RU,152
CA,153
CA,154
RU,155
RU,156
CA,157
CA,158
CA,159
CA,160
CA,161
CA,162
CZ,163
CA,164
CA,165
CA,166
CA,167
US,168
US,169
US,170
CA,171
CA,172
CA,173
US,174
CA,175
CA,176
RU,177
FI,178
CA,179
RU,180
CA,181
US,182
US,183
CA,184
CA,185
CA,186
US,187
CA,188
CA,189
CA,190
CA,191
CA,192
CA,193
CA,194
CA,195
CA,196
CA,197
US,198
SE,199
CA,200
US,201
SE,202
CA,203
RU,204
FI,205
CA,206
SE,207
SE,208
US,209
CA,210
US,211
US,212
CA,213
CA,214
CA,215
US,216
CA,217
CA,218
RU,219
CA,220
RU,221
SE,222
CA,223
US,224
CA,225
US,226
CA,227
RU,228
FI,229
UZ,230
CA,231
CA,232
CA,233
CA,234
US,235
CA,236
CA,237
CA,238
US,239
RU,240
CA,241
CZ,242
LV,243
US,244
CA,245
RU,246
CA,247
RU,248
SE,249
US,250
CA,251
RU,252
US,253
RU,254
FI,255
RU,256
RU,257
RU,258
US,259
JP,260
CA,261
CA,262
CA,263
SE,264
CA,1
CA,2
CA,3
US,4
CA,5
SE,6
CA,7
CA,8
CA,9
CA,10
US,11
CA,12
CA,13
US,14
RU,15
SE,16
US,17
CA,18
SE,19
CZ,20
CA,21
CA,22
CA,23
CA,24
CA,25
SK,26
CA,27
US,28
CA,29
LV,30
CZ,31
CA,32
CA,33
CA,34
CA,35
CA,36
CA,37
US,38
US,39
SK,40
CA,41
CA,42
US,43
CA,44
CA,45
US,46
CA,47
CA,48
RU,49
CA,50
CA,51
CA,52
US,53
CA,54
SE,55
US,56
CA,57
US,58
SE,59
CA,60
CA,61
CA,62
CA,63
CA,64
CA,65
CA,66
CA,67
CA,68
CA,69
CZ,70
RU,71
CA,72
CZ,73
CA,74
US,75
CA,76
US,77
CA,78
CA,79
CA,80
UA,81
US,82
CA,83
CA,84
US,85
US,86
CA,87
CA,88
CA,89
CA,90
FI,91
CA,92
US,93
CA,94
CA,95
US,96
CA,97
RU,98
RU,99
CA,100
CA,101
RU,102
CA,103
CA,104
US,105
PL,106
US,107
CH,108
US,109
CA,110
SE,111
CA,112
CA,113
US,114
CA,115
CA,116
RU,117
CA,118
CA,119
RU,120
CA,121
RU,122
CA,123
US,124
SE,125
US,126
RU,127
CA,128
CA,129
US,130
CA,131
CA,132
CZ,133
SE,134
CZ,135
SE,136
CA,137
RU,138
CA,139
US,140
US,141
RU,142
CA,143
CA,144
CA,145
CA,146
US,147
CA,148
US,149
US,150
CA,151
US,152
CA,153
CA,154
US,155
FI,156
CA,157
CA,158
CA,159
RU,160
US,161
CZ,162
CA,163
US,164
CA,165
CA,166
CZ,167
CA,168
CA,169
US,170
CA,171
US,172
CA,173
CA,174
US,175
CA,176
US,177
US,178
CA,179
CA,180
CA,181
US,182
US,183
US,184
CA,185
CA,186
US,187
US,188
CA,189
CA,190
RU,191
US,192
CA,193
US,194
CA,195
CA,196
US,197
US,198
CA,199
US,200
CA,201
US,202
RU,203
US,204
CA,205
CA,206
CA,207
CA,208
CA,209
NO,210
CA,211
CA,212
CA,213
US,214
CA,215
CA,216
RU,217
SE,218
CA,219
BY,220
US,221
US,222
US,223
SE,224
CA,225
CA,226
CA,227
CA,228
US,229
US,230
CA,231
RU,232
RU,233
CA,234
RU,235
CA,236
US,237
US,238
FI,239
CA,240
US,241
US,242
RU,243
CA,244
CA,245
US,246
RU,247
CA,248
CA,249
FI,250
US,251
CA,252
CA,253
FI,254
CA,255
CA,256
CA,257
FI,258
US,259
DE,260
RU,261
CA,262
US,263
US,264
GB,1
CZ,2
CA,3
CA,4
CZ,5
CA,6
CA,7
US,8
CA,9
CA,10
CA,11
CA,12
CA,13
CA,14
CA,15
CA,16
CA,17
CA,18
US,19
CA,20
US,21
CA,22
CZ,23
CA,24
CA,25
CA,26
CA,27
CA,28
US,29
CA,30
CA,31
FI,32
US,33
US,34
US,35
CA,36
SK,37
CA,38
CA,39
SE,40
CA,41
CA,42
CA,43
CA,44
RU,45
CA,46
CA,47
US,48
CA,49
CA,50
CA,51
CA,52
US,53
CA,54
CA,55
CA,56
CA,57
CA,58
US,59
CA,60
US,61
US,62
CA,63
CA,64
CA,65
CA,66
CA,67
US,68
US,69
US,70
CA,71
CA,72
US,73
CZ,74
US,75
US,76
RU,77
CA,78
US,79
CA,80
CA,81
US,82
CA,83
US,84
RU,85
CA,86
US,87
CA,88
US,89
US,90
CA,91
CA,92
CA,93
CA,94
CA,95
CA,96
CZ,97
CA,98
CZ,99
CA,100
US,101
CA,102
CA,103
CZ,104
CA,105
CA,106
US,107
CA,108
RU,109
CA,110
FI,111
SE,112
CZ,113
RU,114
RU,115
CZ,116
US,117
US,118
SE,119
US,120
US,121
FI,122
US,123
US,124
US,125
CA,126
CA,127
CA,128
CA,129
SE,130
CA,131
US,132
CZ,133
US,134
CZ,135
CA,136
US,137
US,138
US,139
US,140
CZ,141
RU,142
CA,143
US,144
US,145
RU,146
US,147
RU,148
CA,149
CA,150
SE,151
FI,152
CA,153
US,154
CA,155
UA,156
CA,157
RU,158
CA,159
US,160
SE,161
CA,162
CA,163
CZ,164
CA,165
CZ,166
US,167
US,168
CA,169
CA,170
US,171
FI,172
SK,173
US,174
CA,175
US,176
US,177
CZ,178
CZ,179
US,180
US,181
FI,182
CA,183
CA,184
CZ,185
US,186
CA,187
US,188
CA,189
CA,190
CA,191
US,192
US,193
US,194
DE,195
SE,196
CA,197
US,198
US,199
CA,200
CA,201
US,202
FI,203
NO,204
US,205
CZ,206
US,207
CA,208
CA,209
US,210
FI,211
CA,212
US,213
SE,214
CA,215
CA,216
CA,217
NO,218
CA,219
US,220
RU,221
CA,222
US,223
RU,224
NO,225
CA,226
,227
CA,228
US,229
,230
CA,231
CA,232
FI,233
CA,234
US,235
US,236
US,237
CA,238
US,239
CA,240
CA,241
US,242
US,243
RU,244
CA,245
CA,246
CA,247
FI,248
RU,249
CA,250
CZ,251
CA,252
SE,1
CA,2
CA,3
CA,4
US,5
CA,6
US,7
CA,8
CA,9
CZ,10
CA,11
CA,12
CA,13
CA,14
CA,15
CA,16
CA,17
CA,18
ZA,19
CA,20
CA,21
CA,22
CA,23
CA,24
CA,25
CA,26
CA,27
CA,28
US,29
CA,30
CA,31
CA,32
CA,33
SE,34
GB,35
CA,36
CA,37
CA,38
CA,39
CA,40
CA,41
US,42
CA,43
US,44
CA,45
CA,46
CA,47
US,48
CA,49
FI,50
CA,51
CA,52
SE,53
CA,54
US,55
US,56
CA,57
US,58
CA,59
CA,60
CA,61
CA,62
CA,63
US,64
CA,65
US,66
US,67
SE,68
CA,69
CZ,70
US,71
CA,72
CA,73
RU,74
CA,75
CA,76
CA,77
CZ,78
CA,79
CA,80
US,81
US,82
CA,83
US,84
CA,85
US,86
CA,87
US,88
US,89
CA,90
US,91
CA,92
CA,93
CA,94
CA,95
US,96
CA,97
CA,98
US,99
US,100
CA,101
CA,102
US,103
CA,104
US,105
CA,106
US,107
US,108
US,109
US,110
FI,111
CA,112
RU,113
US,114
CA,115
CA,116
SE,117
CA,118
CA,119
RU,120
US,121
US,122
SE,123
CA,124
US,125
CA,126
RU,127
US,128
US,129
FI,130
US,131
CA,132
US,133
CA,134
CA,135
CA,136
US,137
US,138
CA,139
CA,140
RU,141
US,142
SK,143
US,144
CA,145
US,146
CA,147
CA,148
CA,149
CA,150
CA,151
SU,152
CZ,153
US,154
CA,155
US,156
CA,157
US,158
US,159
CA,160
US,161
CA,162
US,163
CA,164
CA,165
CA,166
CA,167
US,168
RU,169
US,170
US,171
CA,172
CA,173
CA,174
US,175
CA,176
US,177
CA,178
CA,179
US,180
US,181
US,182
CA,183
CA,184
US,185
CZ,186
CA,187
CA,188
RU,189
RU,190
RU,191
US,192
US,193
CA,194
CA,195
LV,196
CA,197
US,198
CA,199
CA,200
CA,201
RU,202
CA,203
US,204
US,205
CA,206
CA,207
CZ,208
US,209
US,210
CA,211
CA,212
CA,213
US,214
CA,215
CA,216
US,217
US,218
US,219
CA,220
RU,221
CA,222
CA,223
CA,224
CZ,225
CA,226
US,227
CA,228
RU,229
US,230
RU,231
US,232
CA,233
CA,234
RU,235
SE,236
US,237
LV,238
CA,239
RU,240
CA,241
US,242
US,243
CA,244
US,245
US,246
CA,247
SE,248
CA,249
CA,250
CA,251
SE,252
US,1
CA,2
CA,3
CA,4
CA,5
CA,6
CA,7
US,8
CA,9
FI,10
CA,11
CA,12
CA,13
CA,14
CA,15
CA,16
CA,17
CA,18
CA,19
CA,20
CA,21
CA,22
CA,23
CA,24
CA,25
CA,26
CA,27
CA,28
CA,29
CA,30
CA,31
US,32
SE,33
CA,34
CA,35
CA,36
CA,37
CA,38
FI,39
CA,40
CA,41
US,42
US,43
CA,44
FI,45
US,46
CA,47
CA,48
CA,49
CA,50
CA,51
CA,52
CA,53
SK,54
CA,55
CA,56
CA,57
CA,58
CZ,59
US,60
CA,61
CA,62
CA,63
US,64
CA,65
CA,66
CA,67
US,68
US,69
CA,70
SE,71
CA,72
CA,73
CA,74
CA,75
US,76
US,77
CA,78
CA,79
CA,80
CA,81
CA,82
SE,83
US,84
SE,85
CA,86
CA,87
CA,88
RU,89
US,90
US,91
US,92
SE,93
CA,94
US,95
US,96
CA,97
US,98
CA,99
CA,100
CA,101
US,102
CA,103
CA,104
US,105
US,106
CA,107
CA,108
CA,109
CA,110
CZ,111
SE,112
CA,113
CA,114
US,115
CA,116
US,117
US,118
US,119
UA,120
US,121
CA,122
US,123
CA,124
SE,125
SE,126
SE,127
CA,128
RU,129
CA,130
CA,131
US,132
US,133
CA,134
US,135
FI,136
CA,137
US,138
CA,139
CA,140
CA,141
CA,142
CA,143
CA,144
CA,145
US,146
SE,147
CA,148
CA,149
FI,150
US,151
CA,152
SE,153
FI,154
US,155
US,156
US,157
US,158
US,159
US,160
SE,161
CA,162
US,163
US,164
CA,165
US,166
US,167
CA,168
US,169
SE,170
CA,171
US,172
US,173
US,174
US,175
US,176
CA,177
US,178
US,179
RU,180
CA,181
CA,182
CZ,183
US,184
CA,185
US,186
US,187
LV,188
US,189
FI,190
CA,191
CA,192
CA,193
CA,194
US,195
CA,196
CA,197
US,198
RU,199
CA,200
CA,201
US,202
US,203
CA,204
US,205
CA,206
RU,207
RU,208
BY,209
CA,210
US,211
US,212
RU,213
US,214
CA,215
US,216
CA,217
US,218
US,219
CA,220
CA,221
US,222
US,223
US,224
US,225
US,226
CA,227
US,228
CA,229
CA,230
US,231
CA,232
SE,233
CA,234
CA,235
US,236
CA,237
US,238
DE,239
US,240
CA,241
US,242
DE,243
US,244
CZ,245
US,246
US,247
US,248
CA,249
CA,250
CA,251
RU,252
CA,1
CA,2
CA,3
CA,4
CA,5
CA,6
CA,7
CA,8
CA,9
CA,10
CA,11
CA,12
CA,13
CA,14
CA,15
CA,16
CA,17
CA,18
CA,19
CA,20
CA,21
CA,22
SE,23
CA,24
CA,25
CA,26
CA,27
CA,28
CA,29
CA,30
CA,31
CA,32
US,33
CA,34
CA,35
CA,36
SE,37
CA,38
US,39
CA,40
CA,41
CA,42
CA,43
US,44
CA,45
CA,46
US,47
CA,48
CA,49
CA,50
CA,51
CA,52
CA,53
CA,54
CA,55
CA,56
CA,57
CA,58
SE,59
CA,60
CA,61
CZ,62
CA,63
SE,64
US,65
US,66
CA,67
FI,68
US,69
CA,70
US,71
US,72
US,73
CA,74
CA,75
CA,76
US,77
CA,78
CA,79
US,80
CA,81
CA,82
SE,83
US,84
US,85
US,86
US,87
FI,88
CA,89
US,90
CA,91
SE,92
US,93
US,94
CZ,95
US,96
CZ,97
US,98
CA,99
US,100
US,101
CA,102
CA,103
US,104
CA,105
US,106
US,107
CA,108
CA,109
US,110
CA,111
US,112
CA,113
US,114
CZ,115
CA,116
CA,117
CA,118
US,119
US,120
US,121
US,122
CA,123
US,124
US,125
CZ,126
US,127
CA,128
CA,129
FI,130
CA,131
SE,132
CA,133
US,134
US,135
US,136
US,137
US,138
NO,139
US,140
CA,141
US,142
US,143
US,144
US,145
US,146
CZ,147
US,148
US,149
RU,150
CA,151
CZ,152
US,153
US,154
US,155
US,156
US,157
CA,158
US,159
US,160
US,161
SE,162
FI,163
US,164
CA,165
CA,166
CA,167
NO,168
CA,169
CA,170
US,171
FI,172
US,173
CA,174
CA,175
US,176
CZ,177
US,178
FI,179
CA,180
US,181
US,182
CZ,183
CA,184
CA,185
US,186
US,187
US,188
CA,189
CA,190
CA,191
US,192
US,193
CA,194
US,195
CA,196
CA,197
CA,198
US,199
CA,200
US,201
US,202
CA,203
CA,204
CA,205
CA,206
US,207
US,208
US,209
US,210
US,211
CA,212
SE,213
US,214
US,215
CZ,216
US,217
US,218
US,219
US,220
US,221
US,222
US,223
US,224
DE,225
US,226
US,227
US,228
SE,229
SK,230
US,231
CA,232
CA,233
US,234
CA,235
SE,236
SE,237
US,238
US,239
US,240
DK,241
SE,242
CA,243
US,244
US,245
CA,246
SE,247
US,248
CA,249
SE,250
US,251
RU,252
CA,1
US,2
CA,3
CA,4
CA,5
CA,6
US,7
CA,8
US,9
CA,10
US,11
CA,12
US,13
CA,14
CA,15
US,16
US,17
CA,18
CA,19
CA,20
CA,21
CA,22
FI,23
US,24
US,25
US,26
CA,27
CA,28
FI,29
CA,30
US,31
CA,32
CA,33
FI,34
US,35
CA,36
DE,37
US,38
CA,39
CA,40
CA,41
CA,42
CA,43
CA,44
FI,45
CA,46
US,47
CA,48
CA,49
FI,50
CA,51
US,52
CA,53
US,54
CA,55
CA,56
FI,57
CA,58
CA,59
CA,60
CA,61
CA,62
CA,63
CA,64
CA,65
SE,66
CA,67
CA,68
CA,69
CA,70
FI,71
CA,72
CA,73
CA,74
CA,75
CA,76
CZ,77
CA,78
US,79
CA,80
CA,81
CA,82
CA,83
CA,84
SE,85
US,86
US,87
US,88
US,89
CA,90
CA,91
CA,92
CA,93
CA,94
CA,95
FI,96
CA,97
CA,98
CA,99
US,100
CA,101
CA,102
CA,103
CA,104
CA,105
CA,106
US,107
CA,108
CA,109
CA,110
CA,111
CA,112
CA,113
US,114
CA,115
CA,116
CA,117
CA,118
CA,119
CA,120
US,121
US,122
SE,123
SE,124
CA,125
CA,126
SE,127
CA,128
CA,129
CA,130
US,131
CA,132
US,133
CA,134
US,135
CA,136
US,137
CA,138
CA,139
CA,140
CA,141
CA,142
CA,143
CA,144
CA,145
FI,146
SK,147
CA,148
CA,149
CA,150
US,151
CA,152
US,153
CA,154
CA,155
CA,156
US,157
CA,158
US,159
US,160
US,161
US,162
US,163
US,164
CA,165
CA,166
CA,167
CA,168
CA,169
CA,170
US,171
CA,172
CA,173
US,174
US,175
US,176
US,177
CA,178
CA,179
US,180
US,181
CA,182
CZ,183
CA,184
US,185
CA,186
FI,187
US,188
BR,189
CA,190
CA,191
CA,192
CA,193
CA,194
CA,195
CA,196
US,197
CA,198
CA,199
CA,200
US,201
CA,202
CA,203
CA,204
CA,205
CA,206
US,207
CA,208
US,209
US,210
US,211
US,212
CA,213
US,214
CA,215
CA,216
CA,217
CA,218
CA,219
CA,220
CA,221
CA,222
SE,223
US,224
CA,225
SE,226
US,227
CA,228
US,229
US,230
SK,231
SE,232
CA,233
US,234
CA,235
CA,236
CA,237
RU,238
FI,239
DK,240
US,241
CA,242
US,243
CA,244
CA,245
CZ,246
CZ,247
CA,248
US,249
CA,250
US,251
GB,252
CA,1
CA,2
US,3
CA,4
CA,5
CA,6
SE,7
CA,8
CA,9
CA,10
CA,11
CA,12
CA,13
SE,14
CA,15
US,16
US,17
CA,18
CA,19
CA,20
CA,21
CA,22
CA,23
CA,24
CA,25
CA,26
CA,27
US,28
CA,29
SE,30
CA,31
US,32
US,33
CA,34
CA,35
CA,36
CA,37
CA,38
SE,39
CA,40
CA,41
CA,42
CA,43
CA,44
CA,45
CA,46
CA,47
CA,48
SE,49
CA,50
CA,51
CA,52
CA,53
US,54
CA,55
CA,56
US,57
CA,58
US,59
CA,60
CA,61
CA,62
CA,63
CA,64
US,65
US,66
CA,67
CA,68
CA,69
CA,70
US,71
US,72
US,73
CA,74
CA,75
CA,76
CA,77
US,78
CA,79
SE,80
SE,81
CA,82
CA,83
US,84
US,85
CA,86
CA,87
CZ,88
SE,89
CA,90
US,91
US,92
CZ,93
CA,94
CA,95
US,96
CA,97
CA,98
CA,99
US,100
FI,101
US,102
CA,103
CZ,104
CA,105
CZ,106
CA,107
CA,108
CZ,109
CA,110
US,111
CA,112
CA,113
CA,114
CA,115
SE,116
CA,117
CA,118
CA,119
US,120
US,121
US,122
US,123
US,124
CA,125
US,126
CA,127
CA,128
US,129
CA,130
CA,131
US,132
CA,133
SE,134
CA,135
SE,136
IT,137
US,138
CA,139
FI,140
CA,141
CA,142
CA,143
CA,144
CA,145
CA,146
CA,147
US,148
US,149
US,150
SE,151
CA,152
US,153
CA,154
US,155
US,156
CA,157
CA,158
US,159
CA,160
CA,161
CA,162
CA,163
US,164
CA,165
CA,166
CA,167
US,168
US,169
KR,170
CA,171
CA,172
US,173
CA,174
CA,175
US,176
CA,177
CA,178
CA,179
US,180
CA,181
CZ,182
CA,183
CA,184
CA,185
CA,186
CA,187
CA,188
CA,189
US,190
US,191
US,192
US,193
CA,194
US,195
CA,196
FI,197
CA,198
CA,199
CA,200
US,201
CA,202
US,203
US,204
US,205
DE,206
CA,207
US,208
CA,209
US,210
CA,211
CA,212
CA,213
RU,214
US,215
CZ,216
SE,217
SE,218
CA,219
US,220
CA,221
US,222
CA,223
CA,224
US,225
CA,226
RU,227
CA,228
CA,229
CA,230
CA,231
CA,232
CA,233
US,234
CA,235
CA,236
SE,237
CA,238
SE,239
SK,240
CA,241
US,242
US,243
CA,244
CA,245
CA,246
CA,247
CA,248
FI,249
CA,250
US,251
CA,252
CA,1
CA,2
US,3
US,4
CZ,5
CA,6
CA,7
CA,8
CA,9
CA,10
CA,11
CA,12
US,13
CA,14
CA,15
CA,16
US,17
SE,18
CA,19
CA,20
CA,21
CA,22
CA,23
CA,24
CA,25
CA,26
CA,27
CA,28
CA,29
CA,30
US,31
CA,32
CA,33
US,34
FI,35
CA,36
CA,37
US,38
CA,39
CA,40
CA,41
CA,42
CA,43
CA,44
CA,45
CA,46
CA,47
CA,48
CZ,49
US,50
CA,51
CA,52
CA,53
CA,54
CA,55
US,56
CA,57
CA,58
CZ,59
CA,60
CA,61
US,62
US,63
CA,64
US,65
SE,66
CA,67
CA,68
US,69
US,70
CA,71
CA,72
CA,73
CA,74
CZ,75
CZ,76
US,77
CA,78
US,79
CA,80
CA,81
CA,82
FI,83
CA,84
FI,85
US,86
US,87
US,88
CZ,89
FI,90
SE,91
US,92
US,93
CA,94
CA,95
FI,96
FI,97
US,98
CA,99
CA,100
CA,101
US,102
CA,103
CA,104
CA,105
CA,106
CA,107
CA,108
CA,109
CA,110
CA,111
CA,112
CA,113
US,114
CA,115
US,116
CA,117
CA,118
SE,119
CA,120
CA,121
CA,122
CA,123
CA,124
US,125
SK,126
US,127
CA,128
US,129
US,130
US,131
CA,132
SE,133
CA,134
CA,135
CA,136
CA,137
CA,138
CZ,139
CA,140
SE,141
CA,142
FI,143
CA,144
CA,145
CA,146
FI,147
CA,148
CZ,149
CA,150
CA,151
SE,152
CA,153
SE,154
US,155
US,156
CA,157
US,158
CZ,159
US,160
US,161
FI,162
CA,163
CA,164
SE,165
CA,166
CA,167
CA,168
CA,169
US,170
CA,171
CA,172
US,173
CA,174
CA,175
CA,176
CA,177
CA,178
CA,179
US,180
US,181
FI,182
CA,183
US,184
CA,185
US,186
CA,187
DK,188
US,189
US,190
CA,191
US,192
CA,193
SE,194
US,195
CA,196
CA,197
US,198
CA,199
CZ,200
US,201
US,202
CA,203
CA,204
CA,205
CA,206
CA,207
CZ,208
CA,209
US,210
FI,211
CA,212
US,213
CA,214
US,215
CA,216
CA,217
CA,218
CA,219
CA,220
SE,221
US,222
US,223
CA,224
RU,225
CA,226
US,227
US,228
CA,229
CA,230
US,231
CA,232
CZ,233
CA,234
US,235
CA,236
US,237
CA,238
CA,239
CA,240
CZ,241
US,242
CA,243
SE,244
SK,245
SE,246
US,247
US,248
CA,249
CA,250
US,1
CA,2
US,3
CA,4
US,5
CA,6
CA,7
CA,8
CA,9
CA,10
CA,11
CA,12
CA,13
CA,14
CA,15
CA,16
US,17
CA,18
CA,19
US,20
CA,21
CA,22
FI,23
CA,24
CA,25
CA,26
CA,27
CA,28
CA,29
CA,30
CA,31
CA,32
CA,33
CA,34
CA,35
CA,36
CA,37
CZ,38
US,39
US,40
CA,41
CA,42
US,43
CA,44
CA,45
CA,46
CA,47
FI,48
CA,49
CA,50
CA,51
CA,52
FI,53
CA,54
CA,55
CA,56
CA,57
CA,58
US,59
SE,60
CA,61
CA,62
CA,63
FI,64
CA,65
CA,66
CA,67
CA,68
CA,69
CA,70
SE,71
CA,72
US,73
US,74
US,75
CA,76
US,77
FI,78
US,79
CA,80
CA,81
US,82
US,83
CZ,84
US,85
CA,86
US,87
CA,88
CA,89
US,90
CA,91
CA,92
US,93
CA,94
US,95
CA,96
CA,97
CA,98
CA,99
CA,100
US,101
CA,102
CA,103
US,104
US,105
CA,106
CA,107
US,108
US,109
CA,110
FI,111
US,112
US,113
CA,114
US,115
CA,116
CA,117
CA,118
US,119
CA,120
CA,121
CA,122
CA,123
CA,124
CA,125
CA,126
CA,127
US,128
FI,129
CA,130
US,131
US,132
US,133
CA,134
CA,135
CA,136
CA,137
CA,138
CA,139
RU,140
CA,141
CA,142
CA,143
CA,144
SU,145
CA,146
SE,147
US,148
CA,149
CA,150
CA,151
CA,152
CA,153
US,154
SE,155
CA,156
US,157
CA,158
US,159
US,160
SE,161
CA,162
CA,163
CA,164
CA,165
CA,166
CA,167
US,168
US,169
CA,170
CA,171
US,172
CA,173
CA,174
US,175
CA,176
US,177
CA,178
CA,179
CA,180
CA,181
US,182
US,183
US,184
US,185
CA,186
CA,187
CZ,188
CA,189
US,190
CZ,191
CA,192
US,193
US,194
CA,195
CA,196
CA,197
US,198
CZ,199
CA,200
US,201
CA,202
CZ,203
CA,204
CA,205
DE,206
CA,207
US,208
US,209
CA,210
CA,211
US,212
CA,213
CA,214
CA,215
RU,216
US,217
US,218
CA,219
US,220
CA,221
RU,222
CA,223
CA,224
CA,225
US,226
US,227
CA,228
CZ,229
CA,230
US,231
US,232
SE,233
CA,234
US,235
US,236
US,237
CA,238
CZ,239
CA,240
US,241
US,242
CA,1
CA,2
CA,3
CA,4
CA,5
US,6
CA,7
CA,8
CA,9
CA,10
CA,11
CA,12
CA,13
CA,14
CA,15
CA,16
CA,17
CA,18
CA,19
CA,20
CA,21
CA,22
CA,23
CA,24
CZ,25
US,26
CA,27
CA,28
CA,29
SE,30
CA,31
US,32
US,33
CA,34
CA,35
FI,36
CA,37
CA,38
CA,39
US,40
CA,41
CA,42
CA,43
CA,44
CA,45
CZ,46
CA,47
CA,48
CA,49
CA,50
US,51
CA,52
CA,53
CA,54
CA,55
CA,56
US,57
CZ,58
US,59
CA,60
US,61
CA,62
CA,63
CA,64
CA,65
US,66
SE,67
FI,68
US,69
CA,70
CA,71
CA,72
CZ,73
CA,74
US,75
CZ,76
SE,77
CA,78
CA,79
CA,80
CZ,81
CA,82
CZ,83
CA,84
US,85
CA,86
CZ,87
CA,88
CA,89
CA,90
CA,91
CA,92
CA,93
US,94
SE,95
US,96
CA,97
CA,98
CA,99
CA,100
US,101
CA,102
US,103
CA,104
CA,105
CA,106
HT,107
CA,108
DE,109
CA,110
US,111
US,112
CA,113
CA,114
US,115
CA,116
US,117
SE,118
CA,119
US,120
SE,121
US,122
US,123
CA,124
FI,125
CA,126
CA,127
US,128
US,129
US,130
CA,131
RU,132
US,133
CA,134
CA,135
CA,136
CA,137
US,138
CA,139
CA,140
RU,141
CA,142
RU,143
CA,144
FI,145
CA,146
US,147
CA,148
CA,149
CA,150
US,151
CA,152
SE,153
CA,154
US,155
CA,156
CA,157
CA,158
US,159
US,160
CA,161
SE,162
CA,163
US,164
CA,165
US,166
CA,167
US,168
GB,169
CA,170
CZ,171
CA,172
CA,173
CA,174
CA,175
US,176
CA,177
CA,178
CA,179
US,180
CA,181
SE,182
US,183
CA,184
US,185
CA,186
US,187
CA,188
CA,189
CA,190
CA,191
CA,192
FI,193
FI,194
US,195
CA,196
US,197
CA,198
CA,199
CA,200
CA,201
SK,202
US,203
CA,204
CA,205
CZ,206
CA,207
US,208
CA,209
CA,210
US,211
CA,212
US,213
SE,214
CA,215
US,216
CA,217
US,218
US,219
CA,220
CA,221
CA,222
CA,223
CA,224
US,225
US,226
US,227
SE,228
CA,229
CA,230
US,231
US,232
CA,233
CA,234
CA,235
CA,236
SE,237
CA,238
US,239
CA,240
US,241
CA,242
SE,243
SK,244
US,245
CA,246
US,247
SK,248
CA,249
US,250
CA,251
CA,252
CA,1
CA,2
US,3
CA,4
CA,5
CA,6
CA,7
CA,8
CA,9
CA,10
CA,11
CA,12
CA,13
CA,14
CA,15
CA,16
CZ,17
CA,18
SE,19
CA,20
CA,21
CA,22
CA,23
CA,24
CA,25
CA,26
CA,27
CA,28
CA,29
SE,30
CA,31
SE,32
US,33
US,34
CA,35
SE,36
US,37
FI,38
CA,39
US,40
FI,41
CA,42
FI,43
CA,44
CA,45
DE,46
CA,47
DE,48
CA,49
SE,50
CA,51
CA,52
DE,53
CA,54
CA,55
CA,56
CA,57
CA,58
CA,59
CA,60
CA,61
CA,62
CA,63
CA,64
CA,65
CA,66
CA,67
US,68
CA,69
CA,70
CA,71
US,72
CA,73
CA,74
CA,75
US,76
CA,77
SE,78
CA,79
CA,80
CA,81
SE,82
SE,83
CA,84
US,85
CA,86
CA,87
US,88
CA,89
CA,90
PL,91
CA,92
CA,93
CA,94
US,95
CA,96
CA,97
CA,98
CA,99
CA,100
FI,101
CA,102
CA,103
CA,104
CA,105
US,106
CA,107
CA,108
CA,109
CA,110
GB,111
CA,112
CA,113
US,114
CA,115
CA,116
US,117
US,118
US,119
CA,120
CA,121
CA,122
CA,123
US,124
SE,125
CA,126
SE,127
CA,128
CA,129
CA,130
FI,131
CA,132
CA,133
CA,134
US,135
CA,136
SK,137
CA,138
CA,139
SE,140
US,141
CA,142
FI,143
US,144
US,145
SE,146
FI,147
US,148
US,149
FI,150
CA,151
CA,152
CA,153
CA,154
CA,155
FI,156
FI,157
CA,158
SE,159
FI,160
CA,161
CA,162
US,163
CA,164
CA,165
US,166
CA,167
CA,168
US,169
CA,170
US,171
US,172
US,173
CA,174
CA,175
CZ,176
US,177
CA,178
CA,179
CA,180
US,181
CA,182
US,183
CA,184
US,185
CA,186
CA,187
CA,188
CA,189
CZ,190
SE,191
US,192
CA,193
CA,194
CA,195
CA,196
CA,197
CA,198
CA,199
FI,200
CA,201
US,202
CA,203
CA,204
CA,205
CA,206
CA,207
CA,208
CA,209
CA,210
US,211
CA,1
CA,2
CA,3
CA,4
CA,5
CA,6
CZ,7
CA,8
CA,9
CA,10
CA,11
US,12
CA,13
CA,14
CA,15
CA,16
CA,17
CA,18
CA,19
CA,20
CA,21
CA,22
US,23
CA,24
CA,25
CA,26
CA,27
CA,28
CA,29
CA,30
US,31
CA,32
CA,33
CA,34
CA,35
CA,36
CA,37
CA,38
CA,39
CA,40
CA,41
CA,42
CA,43
CA,44
CA,45
CA,46
CA,47
CA,48
CA,49
CA,50
CA,51
CA,52
CA,53
US,54
CA,55
CA,56
CA,57
CA,58
CA,59
US,60
US,61
US,62
CA,63
CA,64
CA,65
US,66
CA,67
US,68
FI,69
CA,70
CA,71
CA,72
CA,73
CA,74
US,75
CA,76
US,77
CA,78
US,79
CA,80
CA,81
US,82
CA,83
CA,84
CA,85
CA,86
CA,87
CA,88
FI,89
CA,90
CA,91
CA,92
CA,93
FR,94
US,95
CA,96
CA,97
US,98
US,99
US,100
US,101
CA,102
CA,103
CA,104
CA,105
US,106
CA,107
US,108
CA,109
CA,110
CA,111
CA,112
CA,113
CA,114
CA,115
CA,116
CA,117
CA,118
FI,119
CA,120
CA,121
CA,122
CA,123
CA,124
CA,125
CA,126
CA,127
US,128
CA,129
CA,130
US,131
CA,132
CA,133
CA,134
US,135
CA,136
CA,137
SE,138
CA,139
CA,140
CA,141
CA,142
US,143
CA,144
US,145
FI,146
CA,147
CA,148
CA,149
CA,150
CA,151
US,152
CA,153
US,154
CA,155
CA,156
US,157
CA,158
CA,159
CA,160
CA,161
CA,162
CA,163
CA,164
CA,165
CA,166
CA,167
CA,168
CA,169
CA,170
CA,171
CA,172
SE,173
SE,174
SE,175
CA,176
CA,177
CA,178
CA,179
SE,180
SE,181
US,182
CA,183
US,184
CA,185
SE,186
US,187
CA,188
CA,189
CA,190
CA,191
US,192
CA,193
CA,194
CA,195
CA,196
CA,197
CA,198
CA,199
CA,200
CA,201
CA,202
SE,203
CA,204
CA,205
CA,206
SE,207
CA,208
US,209
US,210
CA,1
CA,2
CA,3
CA,4
CA,5
CA,6
CA,7
CA,8
CA,9
CA,10
US,11
CA,12
CA,13
CA,14
CA,15
CA,16
CA,17
CA,18
CA,19
CA,20
CA,21
CA,22
CA,23
CA,24
SE,25
CA,26
CA,27
CA,28
CA,29
CH,30
CA,31
CA,32
CA,33
US,34
SE,35
CA,36
SE,37
CA,38
CA,39
US,40
CA,41
US,42
CA,43
CA,44
CA,45
CA,46
CA,47
CA,48
CA,49
CA,50
CA,51
CA,52
CA,53
CA,54
CA,55
CA,56
CA,57
CA,58
CA,59
CA,60
US,61
US,62
CA,63
CA,64
CA,65
CA,66
CA,67
CA,68
CA,69
CA,70
CA,71
CA,72
CA,73
CA,74
CA,75
CA,76
CA,77
CA,78
CA,79
CA,80
CA,81
FR,82
CZ,83
CA,84
CA,85
CA,86
CA,87
CA,88
CA,89
CA,90
CA,91
US,92
CA,93
CA,94
CA,95
CA,96
CA,97
SE,98
CA,99
CA,100
CA,101
CA,102
SE,103
CA,104
CA,105
US,106
CA,107
CA,108
CA,109
CA,110
CA,111
CA,112
CA,113
US,114
CA,115
CA,116
CA,117
CA,118
CA,119
CA,120
US,121
CA,122
CA,123
CA,124
CA,125
CA,126
CA,1
CA,2
CA,3
CA,4
CA,5
CA,6
CA,7
CA,8
DE,9
CA,10
CA,11
CA,12
CA,13
CA,14
CA,15
CA,16
CA,17
CA,18
CA,19
CA,20
CA,21
US,22
CA,23
US,24
CA,25
CA,26
CA,27
CA,28
CA,29
CA,30
CA,31
CA,32
CA,33
CA,34
CA,35
CA,36
CA,37
CA,38
CA,39
CA,40
GB,41
CA,42
CA,43
US,44
CA,45
CA,46
CA,47
CA,48
US,49
CA,50
CA,51
CA,52
CA,53
CA,54
SE,55
SE,56
CA,57
CA,58
US,59
CA,60
CA,61
NO,62
CA,63
CA,64
CA,65
CA,66
CA,67
CA,68
CA,69
CA,70
CA,71
CA,72
CA,73
CA,74
CA,75
US,76
CA,77
CA,78
CA,79
CA,80
CA,81
CA,82
CA,83
US,84
US,85
CA,86
US,87
CA,88
CA,89
CA,90
US,91
CA,92
CA,93
CA,94
CA,95
US,96
CA,97
CA,98
CA,99
CA,100
CA,101
US,102
CA,103
CA,104
SE,105
CA,106
CA,107
CA,108
FR,109
CA,110
US,111
CA,112
CA,113
CA,114
CA,115
CA,116
US,117
CA,118
CA,119
CA,120
CA,121
CA,122
CA,123
US,124
CA,125
CA,126
CA,127
CA,128
CA,129
CA,130
CA,131
CA,132
US,133
CA,134
CA,135
US,136
CA,137
CA,138
CA,139
CA,140
US,141
CA,142
CA,143
CA,144
CA,145
CA,146
CA,147
CA,148
US,149
CA,150
CA,151
US,152
CA,153
US,154
US,155
CA,156
CA,157
CA,158
US,159
CA,160
US,161
CA,162
CA,163
US,164
US,165
CA,166
CA,167
US,168
CA,169
US,170
CA,171
US,172
FI,173
SE,174
SE,175
CA,176
US,177
CA,178
CA,179
CA,180
CA,181
US,182
US,183
SE,184
US,185
CA,186
CA,187
CA,188
US,189
FI,190
CA,191
CA,192
CA,193
CZ,194
US,195
DE,196
CA,197
SK,198
SE,199
DE,200
RU,201
CA,202
RU,203
SE,204
CA,205
US,206
CA,207
CA,208
US,209
CA,210
CA,211
US,212
CA,213
US,214
CA,215
US,216
US,217
US,218
CA,219
US,220
CA,221
US,222
CA,223
CA,224
CA,225
CA,226
CA,227
CA,228
CA,229
US,230
US,231
CA,232
CA,233
CA,234
CA,1
CA,2
CA,3
US,4
CA,5
CA,6
CA,7
CA,8
CA,9
CA,10
CA,11
CA,12
CA,13
CA,14
CA,15
CA,16
CA,17
CA,18
CA,19
CA,20
CA,21
CA,22
CA,23
CA,24
CA,25
CA,26
CA,27
CA,28
CA,29
CA,30
CA,31
CA,32
CA,33
CA,34
US,35
TW,36
CA,37
CA,38
CA,39
CA,40
CA,41
CA,42
CA,43
US,44
CA,45
CA,46
CA,47
CA,48
CA,49
CA,50
CA,51
CA,52
CA,53
US,54
CA,55
CA,56
CA,57
CA,58
CA,59
CA,60
US,61
CA,62
CA,63
CA,64
CA,65
US,66
CA,67
CA,68
CA,69
CA,70
CA,71
US,72
US,73
CA,74
CA,75
CA,76
CA,77
CA,78
CA,79
CA,80
CA,81
US,82
CA,83
US,84
CA,85
CA,86
FI,87
CA,88
CA,89
CA,90
CA,91
US,92
CA,93
CA,94
CA,95
US,96
CA,97
CA,98
CA,99
CA,100
US,101
CA,102
CA,103
CA,104
US,105
CA,106
CA,107
US,108
CA,109
CA,110
CA,111
CA,112
US,113
CA,114
CA,115
CA,116
FI,117
CA,118
CA,119
US,120
SE,121
US,122
CA,123
CA,124
US,125
CA,126
CA,127
CA,128
CA,129
CA,130
CA,131
FI,132
US,133
CA,134
CA,135
CA,136
US,137
CA,138
US,139
US,140
CA,141
US,142
US,143
CA,144
US,145
CA,146
SE,147
US,148
CA,149
US,150
CA,151
CA,152
CA,153
CA,154
CA,155
CA,156
CA,157
US,158
CA,159
US,160
CA,161
CA,162
CA,163
US,164
US,165
CA,166
CA,167
CA,168
CA,169
CA,170
CA,171
CA,172
CA,173
CA,174
CA,175
US,176
US,177
CA,178
CA,179
CA,180
US,181
CA,182
US,183
US,184
CA,185
CA,1
CA,2
CA,3
CA,4
SE,5
CA,6
CA,7
CA,8
CA,9
CA,10
CA,11
GB,12
CA,13
CA,14
CA,15
CA,16
CA,17
CA,18
CA,19
CA,20
CA,21
US,22
CA,23
CA,24
CA,25
CA,26
CA,27
CA,28
CA,29
CA,30
CA,31
CA,32
CA,33
CA,34
CA,35
CA,36
US,37
CA,38
US,39
CA,40
US,41
CA,42
CA,43
CA,44
SE,45
CA,46
CA,47
CA,48
CA,49
CA,50
CA,51
CA,52
US,53
US,54
CA,55
CA,56
CA,57
CA,58
CA,59
CA,60
US,61
CA,62
US,63
SE,64
CA,65
CA,66
CA,67
US,68
CA,69
US,70
CA,71
CA,72
CA,73
CA,74
US,75
US,76
CA,77
CA,78
US,79
CA,80
CA,81
CA,82
CA,83
CA,84
CA,85
CA,86
CA,87
CA,88
CA,89
CA,90
CA,91
CA,92
US,93
CA,94
FI,95
CA,96
CA,97
CA,98
CA,99
CA,100
CA,101
CA,102
CA,103
CA,104
CA,105
CA,106
US,107
CA,108
CA,109
US,110
CA,111
CA,112
US,113
CA,114
US,115
CA,116
US,117
CA,118
CA,119
CA,120
CH,121
CA,122
CA,123
US,124
US,125
US,126
CA,127
US,128
CA,129
SE,130
CA,131
CA,132
CA,133
SE,134
FI,135
CA,1
CA,2
CA,3
CA,4
CA,5
CA,6
CA,7
CA,8
CA,9
CA,10
CA,11
CA,12
CA,13
CA,14
CA,15
CA,16
CA,17
CA,18
US,19
CA,20
CA,21
CA,22
CA,23
CA,24
CA,25
CA,26
CA,27
CA,28
CA,29
CA,30
US,31
CA,32
CA,33
CA,34
CA,35
CA,36
CA,37
CA,38
CA,39
CA,40
CA,41
CA,42
US,43
CA,44
CA,45
CA,46
CA,47
CA,48
CA,49
CA,50
CA,51
CA,52
CA,53
CA,54
CA,55
CA,56
CA,57
US,58
CA,59
CA,60
CA,61
CA,62
CA,63
CA,64
CA,65
CA,66
CA,67
CA,68
CA,69
CA,70
CA,71
CA,72
CA,73
CA,74
CA,75
CA,76
US,77
CA,78
CA,79
PY,80
CA,81
CA,82
CA,83
CA,84
CA,85
CA,86
CA,87
CA,88
CA,89
US,90
CA,91
CA,92
CA,93
CA,94
CA,95
CA,96
US,97
CA,98
US,99
CA,100
CA,101
US,102
CA,103
FI,104
CA,105
CA,106
CA,107
US,108
CA,109
CA,110
CA,111
CA,112
CA,113
CA,114
CA,115
CA,116
CA,117
CA,118
US,119
CA,120
CA,121
CA,122
CA,123
US,124
CA,125
US,126
CA,127
US,128
CA,129
CA,130
US,131
CA,132
US,133
CA,134
US,135
CA,136
US,137
CA,138
FI,139
SE,140
US,141
US,142
CA,143
CA,144
CA,145
CA,146
CA,147
CA,148
CA,149
CA,150
US,151
CA,152
CA,153
CA,154
CA,155
US,156
CA,157
CA,158
CA,159
LV,160
CA,161
CA,162
CA,163
CA,164
CA,165
CA,166
CA,167
CA,168
CA,169
CA,170
US,171
US,172
US,173
US,174
CA,175
US,176
US,177
US,178
CA,179
CA,180
US,181
CA,182
CA,183
US,184
US,185
US,186
CA,187
CA,188
CA,189
CA,190
US,191
SE,192
CA,193
FI,194
US,195
CA,196
CA,197
CA,198
CA,199
US,200
CA,201
CA,202
US,203
CA,204
US,205
US,206
US,207
CA,208
US,209
CA,210
US,211
US,212
CA,213
US,214
CA,215
CA,216
CA,217
CA,1
CA,2
CA,3
CA,4
CA,5
CA,6
CA,7
CA,8
CA,9
VE,10
US,11
CA,12
CA,13
CA,14
CA,15
CA,16
CA,17
CA,18
CA,19
CA,20
CA,21
CA,22
CA,23
CA,24
US,25
CA,26
CA,27
CA,28
CA,29
CA,30
CA,31
CA,32
CA,33
CA,34
CA,35
CA,36
CA,37
CA,38
CA,39
CA,40
CA,41
US,42
US,43
CA,44
US,45
US,46
CA,47
US,48
SE,49
CA,50
US,51
CA,52
CA,53
CA,54
CA,55
CA,56
CA,57
CA,58
CA,59
CA,60
CA,61
CA,62
CA,63
CA,64
CA,65
CA,66
CA,67
CA,68
CA,69
CA,70
CA,71
CA,72
CA,73
CA,74
US,75
CA,76
CA,77
CA,78
CA,79
CA,80
US,81
CA,82
CA,83
CA,84
CA,85
CA,86
US,87
CA,88
CA,89
CA,90
CA,91
US,92
US,93
CA,94
CA,95
US,96
CA,97
US,98
US,99
US,100
US,101
CA,102
CA,103
CA,104
CA,105
CA,106
CA,107
CA,108
CA,109
CA,110
US,111
US,112
CA,113
US,114
CA,115
CA,116
US,117
US,118
CA,119
CA,120
CA,121
CA,122
US,123
CA,124
CA,125
CA,126
CA,127
CA,128
CA,129
CA,130
SE,131
CA,132
CA,133
CA,134
CA,135
CA,136
CA,137
CA,138
CA,139
CA,140
CA,141
US,142
CA,143
CA,144
CA,145
CA,146
CA,147
CA,148
CA,149
CA,150
CA,151
CA,152
CA,153
CA,154
CA,155
CA,156
CA,157
CA,158
CA,159
US,160
CA,161
CA,162
US,163
CA,164
US,165
CA,166
CA,167
CA,168
CA,169
CA,170
CA,171
CA,172
CA,173
CA,174
US,175
CA,176
SE,177
CA,178
CA,179
CA,180
CA,181
CA,182
CA,184
CA,185
CA,186
CA,187
CA,188
US,189
CA,190
SE,191
CA,192
CA,193
CA,194
CA,195
CA,196
CA,197
CA,198
CA,199
CA,200
CA,201
CA,202
CA,203
CA,204
CA,205
CA,206
US,207
CA,208
CA,209
CA,210
US,211
CA,212
CA,213
SE,214
CA,215
CA,216
CA,217
CA,218
US,219
CA,220
US,221
US,222
US,223
CA,224
CA,225
CA,226
CA,227
CA,228
US,229
CA,230
CA,231
CA,232
CA,233
CA,234
FI,235
CA,236
CA,237
CA,238
CA,239
CA,240
US,241
CA,242
CA,243
CA,244
US,245
CA,246
CA,247
CA,1
CA,2
CA,3
CA,4
CA,5
CA,6
CA,7
CA,8
CA,9
CA,10
CA,11
CA,12
CA,13
CA,14
CA,15
CA,16
CA,17
CA,18
CA,19
CA,20
CA,21
CA,22
CA,23
CA,24
CA,25
CA,26
CA,27
CA,28
CA,29
CA,30
CA,31
CA,32
CA,33
CA,34
GB,35
CA,36
CA,37
CA,38
CA,39
CA,40
CA,41
CA,42
CA,43
CA,44
CA,45
CA,46
CA,47
CA,48
CA,49
US,50
GB,51
CA,52
US,53
CA,54
CA,55
US,56
CA,57
CA,58
CA,59
CA,60
CA,61
CA,62
CA,63
CA,64
CA,65
CA,66
US,67
CA,68
CA,69
CA,70
US,71
CA,72
CA,73
CA,74
CA,75
CA,76
CA,77
CA,78
CA,79
CA,80
CA,81
CA,82
CA,83
CA,84
CA,85
CA,86
CA,87
CA,88
GB,89
CA,90
CA,91
CA,92
CA,93
CA,94
CA,95
CA,96
CA,97
CA,98
CA,99
CA,100
US,101
CA,102
CA,103
CA,104
CA,105
CA,106
CA,107
US,108
CA,109
CA,110
US,111
CA,112
CA,113
CA,114
CA,115
CA,116
CA,117
CA,118
CA,119
CA,120
CA,121
CA,122
CA,123
US,124
CA,125
CA,126
CA,127
CA,128
CA,129
CA,130
CA,131
CA,132
CA,133
CA,134
CA,135
CA,136
CA,137
CA,138
CA,139
US,140
US,141
CA,142
CA,143
CA,144
CA,145
CA,146
CA,147
CA,148
CA,149
CA,150
CA,151
CA,152
CA,153
CA,154
US,155
CA,156
CA,157
CA,158
CA,159
CA,160
CA,161
CA,162
US,163
CA,164
CA,165
CA,166
US,167
CA,168
CA,1
CA,2
CA,3
CA,4
CA,5
CA,6
CA,7
CA,8
CA,9
CA,10
CA,11
CA,12
CA,13
CA,14
CA,15
CA,16
CA,17
CA,18
CA,19
CA,20
CA,21
CA,22
CA,23
CA,24
CA,25
CA,26
CA,27
CA,28
CA,29
CA,30
CA,31
CA,32
SE,33
CA,34
CA,35
CA,36
CA,37
CA,38
CA,39
CA,40
CA,41
US,42
CA,43
CA,44
CA,45
CA,46
CA,47
CA,48
CA,49
CA,50
CA,51
CA,52
CA,53
CA,54
CA,55
CA,56
CA,57
CA,58
CA,59
CA,60
US,61
CA,62
CA,63
CA,64
CA,65
US,66
CA,67
CA,68
CA,69
CA,70
CA,71
CA,72
CA,73
US,74
CA,75
US,76
CA,77
CA,78
CA,79
CA,80
CA,81
CA,82
CA,83
US,84
CA,85
CA,86
CA,87
CA,88
CA,89
CA,90
CA,91
CA,92
US,93
CA,94
CA,95
CA,96
CA,97
CA,98
CA,99
CA,100
CA,101
CA,102
CA,103
CA,104
CA,105
CA,106
CA,107
CA,108
CA,109
CA,110
CA,111
GB,112
CA,113
CA,114
CA,115
CA,116
CA,117
CA,118
CA,119
CA,120
CA,121
CA,122
CA,123
US,124
CA,125
CA,126
CA,127
CA,128
CA,129
CA,130
CA,131
CA,132
CA,133
CA,134
CA,135
CA,136
CA,137
CA,138
CA,139
CA,140
CA,141
CA,142
US,143
CA,144
CA,145
CA,146
CA,147
CA,148
CA,149
US,150
CA,151
US,152
CA,1
CA,2
CA,3
CA,4
CA,5
CA,6
CA,7
CA,8
CA,9
CA,10
CA,11
CA,12
CA,13
CA,14
CA,15
US,16
CA,17
CA,18
CA,19
CA,20
CA,21
CA,22
CA,23
CA,24
CA,25
CA,26
CA,27
US,28
CA,29
CA,30
CA,31
US,32
CA,33
CA,34
CA,35
CA,36
CA,37
CA,38
CA,39
CA,40
CA,41
CA,42
CA,43
CA,44
CA,45
CA,46
CA,47
CA,48
CA,49
CA,50
CA,51
CA,52
CA,53
CA,54
CA,55
US,56
CA,57
US,58
CA,59
CA,60
CA,61
CA,62
CA,63
CA,64
CA,65
CA,66
CA,67
US,68
CA,69
CA,70
CA,71
CA,72
CA,73
CA,74
CA,75
CA,76
CA,77
CA,78
CA,79
CA,80
CA,81
CA,82
CA,83
CA,84
CA,85
CA,86
US,87
CA,88
CA,89
CA,90
CA,91
CA,92
US,93
CA,94
CA,95
CA,96
CA,97
CA,98
CA,99
CA,100
CA,101
CA,102
CA,103
CA,104
CA,105
CA,106
CA,107
CA,108
CA,109
CA,110
FR,111
CA,112
US,113
CA,114
CA,115
CA,116
CA,117
CA,1
CA,2
CA,3
CA,4
CA,5
CA,6
CA,7
CA,8
CA,9
CA,10
CA,11
CA,12
CA,13
CA,14
CA,15
CA,16
CA,17
CA,18
CA,19
CA,20
CA,21
CA,22
CA,23
CA,24
CA,25
CA,26
CA,27
CA,28
CA,29
CA,30
CA,31
CA,32
CA,33
CA,34
CA,35
US,36
CA,37
CA,38
CA,39
CA,40
CA,41
CA,42
CA,43
CA,44
CA,45
CA,46
CA,47
CA,48
CA,49
CA,50
CA,51
CA,52
CA,53
CA,54
CA,55
CA,56
CA,57
CA,58
CA,59
CA,60
CA,61
CA,62
CA,63
CA,64
CA,65
CA,66
CA,67
US,68
CA,69
CA,70
CA,71
CA,72
CA,73
CA,74
CA,75
CA,76
CA,77
CA,78
CA,79
CA,80
US,81
CA,82
CA,83
US,84
CA,85
CA,86
CA,87
CA,88
CA,89
CA,90
CA,91
CA,92
US,93
CA,94
CA,95
CA,96
CA,97
CA,98
CA,99
CA,100
CA,101
CA,102
CA,103
CA,104
CA,105
CA,106
CA,107
CA,108
CA,109
CA,110
US,111
US,112
CA,113
CA,114
CA,115
CA,1
CA,2
CA,3
CA,4
CA,5
CA,6
CA,7
CA,8
CA,9
CA,10
CA,11
CA,12
CA,13
CA,14
CA,15
CA,16
CA,17
CA,18
CA,19
CA,20
CA,21
CA,22
CA,23
CA,24
CA,25
CA,26
CA,27
CA,28
CA,29
CA,30
CA,31
US,32
CA,33
CA,34
CA,35
CA,36
CA,37
CA,38
CA,39
CA,40
CA,41
CA,42
CA,43
CA,44
CA,45
CA,46
CA,47
CA,48
CA,49
CA,50
CA,51
CA,52
CA,53
CA,54
CA,55
CA,56
US,57
CA,58
CA,59
US,60
CA,61
CA,62
CA,63
CA,64
CA,65
FI,66
CA,67
CA,68
CA,69
CA,70
CA,71
CA,72
US,73
CA,74
CA,75
CA,76
CA,77
CA,78
CA,79
CA,80
CA,81
CA,82
CA,83
CA,84
CA,1
CA,2
CA,3
CA,4
CA,5
CA,6
CA,7
CA,8
CA,9
CA,10
CA,11
CA,12
CA,13
CA,14
CA,15
US,16
US,17
CA,18
CA,19
CA,20
CA,21
CA,22
CA,23
CA,24
CA,1
CA,2
CA,3
CA,4
CA,5
CA,6
CA,7
CA,8
CA,9
CA,10
CA,11
CA,12
CA,13
CA,14
CA,15
CA,16
CA,17
CA,18
CA,1
CA,2
CA,3
CA,4
CA,5
CA,6
CA,7
CA,8
CA,9
CA,10
CA,11
CA,12
CA,13
CA,14
CA,15
CA,16
CA,17
CA,18
CA,19
CA,20
CA,21
CA,22
CA,23
CA,24
CA,1
CA,2
CA,3
CA,4
CA,5
CA,6
CA,7
CA,8
CA,9
CA,10
CA,11
CA,1
CA,2
CA,3
CA,4
CA,5
CA,6
CA,7
CA,8
CA,9
DK,10
CA,11
CA,12
CA,13
CA,14
CA,15
CA,16
CA,17
CA,18
CA,19
CA,20
CA,21
CA,22
CA,23
CA,24
CA,1
CA,2
DE,3
CA,4
CA,5
CA,6
CA,7
CA,8
CA,9
CA,10
CA,11
CA,12
CA,13
CA,14
CA,15
CA,16
CA,17
CA,18
CA,19
CA,20
CA,21
